index,timestamp,original_temperature,damaged_temperature,reconstructed_temperature,mask,scenario,block_position,missing_rate,method
0,2009-01-01 00:10:00,-8.020000,-8.020000,-8.020000,0,block,none,0.40,cubic_interpolation
1,2009-01-01 00:20:00,-8.410000,-8.410000,-8.410000,0,block,none,0.40,cubic_interpolation
2,2009-01-01 00:30:00,-8.510000,-8.510000,-8.510000,0,block,none,0.40,cubic_interpolation
3,2009-01-01 00:40:00,-8.310000,-8.310000,-8.310000,0,block,none,0.40,cubic_interpolation
4,2009-01-01 00:50:00,-8.270000,-8.270000,-8.270000,0,block,none,0.40,cubic_interpolation
5,2009-01-01 01:00:00,-8.050000,-8.050000,-8.050000,0,block,none,0.40,cubic_interpolation
6,2009-01-01 01:10:00,-7.620000,-7.620000,-7.620000,0,block,none,0.40,cubic_interpolation
7,2009-01-01 01:20:00,-7.620000,-7.620000,-7.620000,0,block,none,0.40,cubic_interpolation
8,2009-01-01 01:30:00,-7.910000,-7.910000,-7.910000,0,block,none,0.40,cubic_interpolation
9,2009-01-01 01:40:00,-8.430000,-8.430000,-8.430000,0,block,none,0.40,cubic_interpolation
10,2009-01-01 01:50:00,-8.760000,-8.760000,-8.760000,0,block,none,0.40,cubic_interpolation
11,2009-01-01 02:00:00,-8.880000,-8.880000,-8.880000,0,block,none,0.40,cubic_interpolation
12,2009-01-01 02:10:00,-8.850000,-8.850000,-8.850000,0,block,none,0.40,cubic_interpolation
13,2009-01-01 02:20:00,-8.830000,-8.830000,-8.830000,0,block,none,0.40,cubic_interpolation
14,2009-01-01 02:30:00,-8.660000,-8.660000,-8.660000,0,block,none,0.40,cubic_interpolation
15,2009-01-01 02:40:00,-8.660000,-8.660000,-8.660000,0,block,none,0.40,cubic_interpolation
16,2009-01-01 02:50:00,-8.700000,-8.700000,-8.700000,0,block,none,0.40,cubic_interpolation
17,2009-01-01 03:00:00,-8.810000,-8.810000,-8.810000,0,block,none,0.40,cubic_interpolation
18,2009-01-01 03:10:00,-8.840000,-8.840000,-8.840000,0,block,none,0.40,cubic_interpolation
19,2009-01-01 03:20:00,-8.940000,-8.940000,-8.940000,0,block,none,0.40,cubic_interpolation
20,2009-01-01 03:30:00,-8.940000,-8.940000,-8.940000,0,block,none,0.40,cubic_interpolation
21,2009-01-01 03:40:00,-8.860000,-8.860000,-8.860000,0,block,none,0.40,cubic_interpolation
22,2009-01-01 03:50:00,-8.990000,-8.990000,-8.990000,0,block,none,0.40,cubic_interpolation
23,2009-01-01 04:00:00,-9.050000,-9.050000,-9.050000,0,block,none,0.40,cubic_interpolation
24,2009-01-01 04:10:00,-9.230000,-9.230000,-9.230000,0,block,none,0.40,cubic_interpolation
25,2009-01-01 04:20:00,-9.490000,-9.490000,-9.490000,0,block,none,0.40,cubic_interpolation
26,2009-01-01 04:30:00,-9.500000,-9.500000,-9.500000,0,block,none,0.40,cubic_interpolation
27,2009-01-01 04:40:00,-9.350000,-9.350000,-9.350000,0,block,none,0.40,cubic_interpolation
28,2009-01-01 04:50:00,-9.470000,-9.470000,-9.470000,0,block,none,0.40,cubic_interpolation
29,2009-01-01 05:00:00,-9.630000,-9.630000,-9.630000,0,block,none,0.40,cubic_interpolation
30,2009-01-01 05:10:00,-9.670000,-9.670000,-9.670000,0,block,none,0.40,cubic_interpolation
31,2009-01-01 05:20:00,-9.680000,-9.680000,-9.680000,0,block,none,0.40,cubic_interpolation
32,2009-01-01 05:30:00,-9.900000,-9.900000,-9.900000,0,block,none,0.40,cubic_interpolation
33,2009-01-01 05:40:00,-9.910000,-9.910000,-9.910000,0,block,none,0.40,cubic_interpolation
34,2009-01-01 05:50:00,-9.510000,-9.510000,-9.510000,0,block,none,0.40,cubic_interpolation
35,2009-01-01 06:00:00,-9.670000,-9.670000,-9.670000,0,block,none,0.40,cubic_interpolation
36,2009-01-01 06:10:00,-9.590000,-9.590000,-9.590000,0,block,none,0.40,cubic_interpolation
37,2009-01-01 06:20:00,-9.150000,-9.150000,-9.150000,0,block,none,0.40,cubic_interpolation
38,2009-01-01 06:30:00,-8.910000,-8.910000,-8.910000,0,block,none,0.40,cubic_interpolation
39,2009-01-01 06:40:00,-9.040000,-9.040000,-9.040000,0,block,none,0.40,cubic_interpolation
40,2009-01-01 06:50:00,-9.430000,-9.430000,-9.430000,0,block,none,0.40,cubic_interpolation
41,2009-01-01 07:00:00,-9.170000,-9.170000,-9.170000,0,block,none,0.40,cubic_interpolation
42,2009-01-01 07:10:00,-8.710000,-8.710000,-8.710000,0,block,none,0.40,cubic_interpolation
43,2009-01-01 07:20:00,-8.550000,-8.550000,-8.550000,0,block,none,0.40,cubic_interpolation
44,2009-01-01 07:30:00,-8.400000,-8.400000,-8.400000,0,block,none,0.40,cubic_interpolation
45,2009-01-01 07:40:00,-8.300000,-8.300000,-8.300000,0,block,none,0.40,cubic_interpolation
46,2009-01-01 07:50:00,-8.130000,-8.130000,-8.130000,0,block,none,0.40,cubic_interpolation
47,2009-01-01 08:00:00,-8.100000,-8.100000,-8.100000,0,block,none,0.40,cubic_interpolation
48,2009-01-01 08:10:00,-8.140000,-8.140000,-8.140000,0,block,none,0.40,cubic_interpolation
49,2009-01-01 08:20:00,-8.060000,-8.060000,-8.060000,0,block,none,0.40,cubic_interpolation
50,2009-01-01 08:30:00,-7.950000,-7.950000,-7.950000,0,block,none,0.40,cubic_interpolation
51,2009-01-01 08:40:00,-7.740000,-7.740000,-7.740000,0,block,none,0.40,cubic_interpolation
52,2009-01-01 08:50:00,-7.570000,-7.570000,-7.570000,0,block,none,0.40,cubic_interpolation
53,2009-01-01 09:00:00,-7.660000,-7.660000,-7.660000,0,block,none,0.40,cubic_interpolation
54,2009-01-01 09:10:00,-7.710000,-7.710000,-7.710000,0,block,none,0.40,cubic_interpolation
55,2009-01-01 09:20:00,-7.560000,-7.560000,-7.560000,0,block,none,0.40,cubic_interpolation
56,2009-01-01 09:30:00,-7.290000,-7.290000,-7.290000,0,block,none,0.40,cubic_interpolation
57,2009-01-01 09:40:00,-7.150000,-7.150000,-7.150000,0,block,none,0.40,cubic_interpolation
58,2009-01-01 09:50:00,-7.020000,-7.020000,-7.020000,0,block,none,0.40,cubic_interpolation
59,2009-01-01 10:00:00,-7.040000,-7.040000,-7.040000,0,block,none,0.40,cubic_interpolation
60,2009-01-01 10:10:00,-7.030000,-7.030000,-7.030000,0,block,none,0.40,cubic_interpolation
61,2009-01-01 10:20:00,-7.150000,-7.150000,-7.150000,0,block,none,0.40,cubic_interpolation
62,2009-01-01 10:30:00,-7.260000,-7.260000,-7.260000,0,block,none,0.40,cubic_interpolation
63,2009-01-01 10:40:00,-7.340000,-7.340000,-7.340000,0,block,none,0.40,cubic_interpolation
64,2009-01-01 10:50:00,-7.350000,-7.350000,-7.350000,0,block,none,0.40,cubic_interpolation
65,2009-01-01 11:00:00,-7.410000,-7.410000,-7.410000,0,block,none,0.40,cubic_interpolation
66,2009-01-01 11:10:00,-7.480000,-7.480000,-7.480000,0,block,none,0.40,cubic_interpolation
67,2009-01-01 11:20:00,-7.380000,-7.380000,-7.380000,0,block,none,0.40,cubic_interpolation
68,2009-01-01 11:30:00,-7.210000,-7.210000,-7.210000,0,block,none,0.40,cubic_interpolation
69,2009-01-01 11:40:00,-7.160000,-7.160000,-7.160000,0,block,none,0.40,cubic_interpolation
70,2009-01-01 11:50:00,-7.030000,-7.030000,-7.030000,0,block,none,0.40,cubic_interpolation
71,2009-01-01 12:00:00,-6.870000,-6.870000,-6.870000,0,block,none,0.40,cubic_interpolation
72,2009-01-01 12:10:00,-6.770000,-6.770000,-6.770000,0,block,none,0.40,cubic_interpolation
73,2009-01-01 12:20:00,-6.700000,-6.700000,-6.700000,0,block,none,0.40,cubic_interpolation
74,2009-01-01 12:30:00,-6.610000,-6.610000,-6.610000,0,block,none,0.40,cubic_interpolation
75,2009-01-01 12:40:00,-6.510000,-6.510000,-6.510000,0,block,none,0.40,cubic_interpolation
76,2009-01-01 12:50:00,-6.210000,-6.210000,-6.210000,0,block,none,0.40,cubic_interpolation
77,2009-01-01 13:00:00,-5.890000,-5.890000,-5.890000,0,block,none,0.40,cubic_interpolation
78,2009-01-01 13:10:00,-5.830000,-5.830000,-5.830000,0,block,none,0.40,cubic_interpolation
79,2009-01-01 13:20:00,-5.760000,-5.760000,-5.760000,0,block,none,0.40,cubic_interpolation
80,2009-01-01 13:30:00,-5.900000,-5.900000,-5.900000,0,block,none,0.40,cubic_interpolation
81,2009-01-01 13:40:00,-5.970000,-5.970000,-5.970000,0,block,none,0.40,cubic_interpolation
82,2009-01-01 13:50:00,-5.880000,-5.880000,-5.880000,0,block,none,0.40,cubic_interpolation
83,2009-01-01 14:00:00,-5.940000,-5.940000,-5.940000,0,block,none,0.40,cubic_interpolation
84,2009-01-01 14:10:00,-5.840000,-5.840000,-5.840000,0,block,none,0.40,cubic_interpolation
85,2009-01-01 14:20:00,-5.760000,-5.760000,-5.760000,0,block,none,0.40,cubic_interpolation
86,2009-01-01 14:30:00,-5.750000,-5.750000,-5.750000,0,block,none,0.40,cubic_interpolation
87,2009-01-01 14:40:00,-5.760000,-5.760000,-5.760000,0,block,none,0.40,cubic_interpolation
88,2009-01-01 14:50:00,-5.730000,-5.730000,-5.730000,0,block,none,0.40,cubic_interpolation
89,2009-01-01 15:00:00,-5.690000,-5.690000,-5.690000,0,block,none,0.40,cubic_interpolation
90,2009-01-01 15:10:00,-5.530000,-5.530000,-5.530000,0,block,none,0.40,cubic_interpolation
91,2009-01-01 15:20:00,-5.570000,-5.570000,-5.570000,0,block,none,0.40,cubic_interpolation
92,2009-01-01 15:30:00,-5.430000,-5.430000,-5.430000,0,block,none,0.40,cubic_interpolation
93,2009-01-01 15:40:00,-5.320000,-5.320000,-5.320000,0,block,none,0.40,cubic_interpolation
94,2009-01-01 15:50:00,-5.360000,-5.360000,-5.360000,0,block,none,0.40,cubic_interpolation
95,2009-01-01 16:00:00,-5.400000,-5.400000,-5.400000,0,block,none,0.40,cubic_interpolation
96,2009-01-01 16:10:00,-5.310000,-5.310000,-5.310000,0,block,none,0.40,cubic_interpolation
97,2009-01-01 16:20:00,-5.280000,-5.280000,-5.280000,0,block,none,0.40,cubic_interpolation
98,2009-01-01 16:30:00,-5.320000,-5.320000,-5.320000,0,block,none,0.40,cubic_interpolation
99,2009-01-01 16:40:00,-5.290000,-5.290000,-5.290000,0,block,none,0.40,cubic_interpolation
100,2009-01-01 16:50:00,-5.330000,-5.330000,-5.330000,0,block,none,0.40,cubic_interpolation
101,2009-01-01 17:00:00,-5.370000,-5.370000,-5.370000,0,block,none,0.40,cubic_interpolation
102,2009-01-01 17:10:00,-5.430000,-5.430000,-5.430000,0,block,none,0.40,cubic_interpolation
103,2009-01-01 17:20:00,-5.280000,-5.280000,-5.280000,0,block,none,0.40,cubic_interpolation
104,2009-01-01 17:30:00,-5.210000,-5.210000,-5.210000,0,block,none,0.40,cubic_interpolation
105,2009-01-01 17:40:00,-5.210000,-5.210000,-5.210000,0,block,none,0.40,cubic_interpolation
106,2009-01-01 17:50:00,-5.240000,-5.240000,-5.240000,0,block,none,0.40,cubic_interpolation
107,2009-01-01 18:00:00,-5.250000,-5.250000,-5.250000,0,block,none,0.40,cubic_interpolation
108,2009-01-01 18:10:00,-5.160000,-5.160000,-5.160000,0,block,none,0.40,cubic_interpolation
109,2009-01-01 18:20:00,-5.120000,-5.120000,-5.120000,0,block,none,0.40,cubic_interpolation
110,2009-01-01 18:30:00,-5.040000,-5.040000,-5.040000,0,block,none,0.40,cubic_interpolation
111,2009-01-01 18:40:00,-5.010000,-5.010000,-5.010000,0,block,none,0.40,cubic_interpolation
112,2009-01-01 18:50:00,-5.120000,-5.120000,-5.120000,0,block,none,0.40,cubic_interpolation
113,2009-01-01 19:00:00,-5.110000,-5.110000,-5.110000,0,block,none,0.40,cubic_interpolation
114,2009-01-01 19:10:00,-4.900000,-4.900000,-4.900000,0,block,none,0.40,cubic_interpolation
115,2009-01-01 19:20:00,-4.860000,-4.860000,-4.860000,0,block,none,0.40,cubic_interpolation
116,2009-01-01 19:30:00,-4.900000,-4.900000,-4.900000,0,block,none,0.40,cubic_interpolation
117,2009-01-01 19:40:00,-4.970000,-4.970000,-4.970000,0,block,none,0.40,cubic_interpolation
118,2009-01-01 19:50:00,-4.990000,-4.990000,-4.990000,0,block,none,0.40,cubic_interpolation
119,2009-01-01 20:00:00,-4.900000,-4.900000,-4.900000,0,block,none,0.40,cubic_interpolation
120,2009-01-01 20:10:00,-4.930000,-4.930000,-4.930000,0,block,none,0.40,cubic_interpolation
121,2009-01-01 20:20:00,-4.890000,-4.890000,-4.890000,0,block,none,0.40,cubic_interpolation
122,2009-01-01 20:30:00,-4.930000,-4.930000,-4.930000,0,block,none,0.40,cubic_interpolation
123,2009-01-01 20:40:00,-5.000000,-5.000000,-5.000000,0,block,none,0.40,cubic_interpolation
124,2009-01-01 20:50:00,-4.900000,-4.900000,-4.900000,0,block,none,0.40,cubic_interpolation
125,2009-01-01 21:00:00,-4.800000,-4.800000,-4.800000,0,block,none,0.40,cubic_interpolation
126,2009-01-01 21:10:00,-4.840000,-4.840000,-4.840000,0,block,none,0.40,cubic_interpolation
127,2009-01-01 21:20:00,-4.900000,-4.900000,-4.900000,0,block,none,0.40,cubic_interpolation
128,2009-01-01 21:30:00,-4.860000,-4.860000,-4.860000,0,block,none,0.40,cubic_interpolation
129,2009-01-01 21:40:00,-4.760000,-4.760000,-4.760000,0,block,none,0.40,cubic_interpolation
130,2009-01-01 21:50:00,-4.610000,-4.610000,-4.610000,0,block,none,0.40,cubic_interpolation
131,2009-01-01 22:00:00,-4.500000,-4.500000,-4.500000,0,block,none,0.40,cubic_interpolation
132,2009-01-01 22:10:00,-4.410000,-4.410000,-4.410000,0,block,none,0.40,cubic_interpolation
133,2009-01-01 22:20:00,-4.400000,-4.400000,-4.400000,0,block,none,0.40,cubic_interpolation
134,2009-01-01 22:30:00,-4.320000,-4.320000,-4.320000,0,block,none,0.40,cubic_interpolation
135,2009-01-01 22:40:00,-4.170000,-4.170000,-4.170000,0,block,none,0.40,cubic_interpolation
136,2009-01-01 22:50:00,-4.300000,-4.300000,-4.300000,0,block,none,0.40,cubic_interpolation
137,2009-01-01 23:00:00,-4.470000,-4.470000,-4.470000,0,block,none,0.40,cubic_interpolation
138,2009-01-01 23:10:00,-4.500000,-4.500000,-4.500000,0,block,none,0.40,cubic_interpolation
139,2009-01-01 23:20:00,-4.510000,-4.510000,-4.510000,0,block,none,0.40,cubic_interpolation
140,2009-01-01 23:30:00,-4.330000,-4.330000,-4.330000,0,block,none,0.40,cubic_interpolation
141,2009-01-01 23:40:00,-4.330000,-4.330000,-4.330000,0,block,none,0.40,cubic_interpolation
142,2009-01-01 23:50:00,-4.580000,-4.580000,-4.580000,0,block,none,0.40,cubic_interpolation
143,2009-01-02 00:00:00,-4.540000,-4.540000,-4.540000,0,block,none,0.40,cubic_interpolation
144,2009-01-02 00:10:00,-4.600000,-4.600000,-4.600000,0,block,none,0.40,cubic_interpolation
145,2009-01-02 00:20:00,-4.670000,-4.670000,-4.670000,0,block,none,0.40,cubic_interpolation
146,2009-01-02 00:30:00,-4.660000,-4.660000,-4.660000,0,block,none,0.40,cubic_interpolation
147,2009-01-02 00:40:00,-4.550000,-4.550000,-4.550000,0,block,none,0.40,cubic_interpolation
148,2009-01-02 00:50:00,-4.430000,-4.430000,-4.430000,0,block,none,0.40,cubic_interpolation
149,2009-01-02 01:00:00,-4.440000,-4.440000,-4.440000,0,block,none,0.40,cubic_interpolation
150,2009-01-02 01:10:00,-4.390000,-4.390000,-4.390000,0,block,none,0.40,cubic_interpolation
151,2009-01-02 01:20:00,-4.400000,-4.400000,-4.400000,0,block,none,0.40,cubic_interpolation
152,2009-01-02 01:30:00,-4.400000,-4.400000,-4.400000,0,block,none,0.40,cubic_interpolation
153,2009-01-02 01:40:00,-4.310000,-4.310000,-4.310000,0,block,none,0.40,cubic_interpolation
154,2009-01-02 01:50:00,-4.260000,-4.260000,-4.260000,0,block,none,0.40,cubic_interpolation
155,2009-01-02 02:00:00,-4.290000,-4.290000,-4.290000,0,block,none,0.40,cubic_interpolation
156,2009-01-02 02:10:00,-4.260000,-4.260000,-4.260000,0,block,none,0.40,cubic_interpolation
157,2009-01-02 02:20:00,-4.270000,-4.270000,-4.270000,0,block,none,0.40,cubic_interpolation
158,2009-01-02 02:30:00,-4.300000,-4.300000,-4.300000,0,block,none,0.40,cubic_interpolation
159,2009-01-02 02:40:00,-4.320000,-4.320000,-4.320000,0,block,none,0.40,cubic_interpolation
160,2009-01-02 02:50:00,-4.390000,-4.390000,-4.390000,0,block,none,0.40,cubic_interpolation
161,2009-01-02 03:00:00,-4.450000,-4.450000,-4.450000,0,block,none,0.40,cubic_interpolation
162,2009-01-02 03:10:00,-4.500000,-4.500000,-4.500000,0,block,none,0.40,cubic_interpolation
163,2009-01-02 03:20:00,-4.480000,-4.480000,-4.480000,0,block,none,0.40,cubic_interpolation
164,2009-01-02 03:30:00,-4.430000,-4.430000,-4.430000,0,block,none,0.40,cubic_interpolation
165,2009-01-02 03:40:00,-4.330000,-4.330000,-4.330000,0,block,none,0.40,cubic_interpolation
166,2009-01-02 03:50:00,-4.410000,-4.410000,-4.410000,0,block,none,0.40,cubic_interpolation
167,2009-01-02 04:00:00,-4.580000,-4.580000,-4.580000,0,block,none,0.40,cubic_interpolation
168,2009-01-02 04:10:00,-4.630000,-4.630000,-4.630000,0,block,none,0.40,cubic_interpolation
169,2009-01-02 04:20:00,-4.630000,-4.630000,-4.630000,0,block,none,0.40,cubic_interpolation
170,2009-01-02 04:30:00,-4.740000,-4.740000,-4.740000,0,block,none,0.40,cubic_interpolation
171,2009-01-02 04:40:00,-4.860000,-4.860000,-4.860000,0,block,none,0.40,cubic_interpolation
172,2009-01-02 04:50:00,-4.970000,-4.970000,-4.970000,0,block,none,0.40,cubic_interpolation
173,2009-01-02 05:00:00,-4.960000,-4.960000,-4.960000,0,block,none,0.40,cubic_interpolation
174,2009-01-02 05:10:00,-4.940000,-4.940000,-4.940000,0,block,none,0.40,cubic_interpolation
175,2009-01-02 05:20:00,-4.780000,-4.780000,-4.780000,0,block,none,0.40,cubic_interpolation
176,2009-01-02 05:30:00,-4.630000,-4.630000,-4.630000,0,block,none,0.40,cubic_interpolation
177,2009-01-02 05:40:00,-4.640000,-4.640000,-4.640000,0,block,none,0.40,cubic_interpolation
178,2009-01-02 05:50:00,-4.670000,-4.670000,-4.670000,0,block,none,0.40,cubic_interpolation
179,2009-01-02 06:00:00,-4.430000,-4.430000,-4.430000,0,block,none,0.40,cubic_interpolation
180,2009-01-02 06:10:00,-4.380000,-4.380000,-4.380000,0,block,none,0.40,cubic_interpolation
181,2009-01-02 06:20:00,-4.320000,-4.320000,-4.320000,0,block,none,0.40,cubic_interpolation
182,2009-01-02 06:30:00,-4.250000,-4.250000,-4.250000,0,block,none,0.40,cubic_interpolation
183,2009-01-02 06:40:00,-4.160000,-4.160000,-4.160000,0,block,none,0.40,cubic_interpolation
184,2009-01-02 06:50:00,-4.260000,-4.260000,-4.260000,0,block,none,0.40,cubic_interpolation
185,2009-01-02 07:00:00,-4.280000,-4.280000,-4.280000,0,block,none,0.40,cubic_interpolation
186,2009-01-02 07:10:00,-4.340000,-4.340000,-4.340000,0,block,none,0.40,cubic_interpolation
187,2009-01-02 07:20:00,-4.370000,-4.370000,-4.370000,0,block,none,0.40,cubic_interpolation
188,2009-01-02 07:30:00,-4.330000,-4.330000,-4.330000,0,block,none,0.40,cubic_interpolation
189,2009-01-02 07:40:00,-4.430000,-4.430000,-4.430000,0,block,none,0.40,cubic_interpolation
190,2009-01-02 07:50:00,-4.390000,-4.390000,-4.390000,0,block,none,0.40,cubic_interpolation
191,2009-01-02 08:00:00,-4.330000,-4.330000,-4.330000,0,block,none,0.40,cubic_interpolation
192,2009-01-02 08:10:00,-4.370000,-4.370000,-4.370000,0,block,none,0.40,cubic_interpolation
193,2009-01-02 08:20:00,-4.310000,-4.310000,-4.310000,0,block,none,0.40,cubic_interpolation
194,2009-01-02 08:30:00,-4.300000,-4.300000,-4.300000,0,block,none,0.40,cubic_interpolation
195,2009-01-02 08:40:00,-4.240000,-4.240000,-4.240000,0,block,none,0.40,cubic_interpolation
196,2009-01-02 08:50:00,-4.170000,-4.170000,-4.170000,0,block,none,0.40,cubic_interpolation
197,2009-01-02 09:00:00,-4.130000,-4.130000,-4.130000,0,block,none,0.40,cubic_interpolation
198,2009-01-02 09:10:00,-4.070000,-4.070000,-4.070000,0,block,none,0.40,cubic_interpolation
199,2009-01-02 09:20:00,-3.950000,-3.950000,-3.950000,0,block,none,0.40,cubic_interpolation
200,2009-01-02 09:30:00,-3.900000,-3.900000,-3.900000,0,block,none,0.40,cubic_interpolation
201,2009-01-02 09:40:00,-3.900000,-3.900000,-3.900000,0,block,none,0.40,cubic_interpolation
202,2009-01-02 09:50:00,-3.920000,-3.920000,-3.920000,0,block,none,0.40,cubic_interpolation
203,2009-01-02 10:00:00,-3.930000,-3.930000,-3.930000,0,block,none,0.40,cubic_interpolation
204,2009-01-02 10:10:00,-3.970000,-3.970000,-3.970000,0,block,none,0.40,cubic_interpolation
205,2009-01-02 10:20:00,-3.930000,-3.930000,-3.930000,0,block,none,0.40,cubic_interpolation
206,2009-01-02 10:30:00,-3.900000,-3.900000,-3.900000,0,block,none,0.40,cubic_interpolation
207,2009-01-02 10:40:00,-3.870000,-3.870000,-3.870000,0,block,none,0.40,cubic_interpolation
208,2009-01-02 10:50:00,-3.740000,-3.740000,-3.740000,0,block,none,0.40,cubic_interpolation
209,2009-01-02 11:00:00,-3.620000,-3.620000,-3.620000,0,block,none,0.40,cubic_interpolation
210,2009-01-02 11:10:00,-3.490000,-3.490000,-3.490000,0,block,none,0.40,cubic_interpolation
211,2009-01-02 11:20:00,-3.360000,-3.360000,-3.360000,0,block,none,0.40,cubic_interpolation
212,2009-01-02 11:30:00,-3.210000,-3.210000,-3.210000,0,block,none,0.40,cubic_interpolation
213,2009-01-02 11:40:00,-3.170000,-3.170000,-3.170000,0,block,none,0.40,cubic_interpolation
214,2009-01-02 11:50:00,-3.020000,-3.020000,-3.020000,0,block,none,0.40,cubic_interpolation
215,2009-01-02 12:00:00,-3.120000,-3.120000,-3.120000,0,block,none,0.40,cubic_interpolation
216,2009-01-02 12:10:00,-3.070000,-3.070000,-3.070000,0,block,none,0.40,cubic_interpolation
217,2009-01-02 12:20:00,-2.900000,-2.900000,-2.900000,0,block,none,0.40,cubic_interpolation
218,2009-01-02 12:30:00,-2.810000,-2.810000,-2.810000,0,block,none,0.40,cubic_interpolation
219,2009-01-02 12:40:00,-2.800000,-2.800000,-2.800000,0,block,none,0.40,cubic_interpolation
220,2009-01-02 12:50:00,-2.640000,-2.640000,-2.640000,0,block,none,0.40,cubic_interpolation
221,2009-01-02 13:00:00,-2.530000,-2.530000,-2.530000,0,block,none,0.40,cubic_interpolation
222,2009-01-02 13:10:00,-2.540000,-2.540000,-2.540000,0,block,none,0.40,cubic_interpolation
223,2009-01-02 13:20:00,-2.490000,-2.490000,-2.490000,0,block,none,0.40,cubic_interpolation
224,2009-01-02 13:30:00,-2.260000,-2.260000,-2.260000,0,block,none,0.40,cubic_interpolation
225,2009-01-02 13:40:00,-2.210000,-2.210000,-2.210000,0,block,none,0.40,cubic_interpolation
226,2009-01-02 13:50:00,-2.410000,-2.410000,-2.410000,0,block,none,0.40,cubic_interpolation
227,2009-01-02 14:00:00,-2.560000,-2.560000,-2.560000,0,block,none,0.40,cubic_interpolation
228,2009-01-02 14:10:00,-2.620000,-2.620000,-2.620000,0,block,none,0.40,cubic_interpolation
229,2009-01-02 14:20:00,-2.540000,-2.540000,-2.540000,0,block,none,0.40,cubic_interpolation
230,2009-01-02 14:30:00,-2.140000,-2.140000,-2.140000,0,block,none,0.40,cubic_interpolation
231,2009-01-02 14:40:00,-2.220000,-2.220000,-2.220000,0,block,none,0.40,cubic_interpolation
232,2009-01-02 14:50:00,-2.180000,-2.180000,-2.180000,0,block,none,0.40,cubic_interpolation
233,2009-01-02 15:00:00,-2.120000,-2.120000,-2.120000,0,block,none,0.40,cubic_interpolation
234,2009-01-02 15:10:00,-2.310000,-2.310000,-2.310000,0,block,none,0.40,cubic_interpolation
235,2009-01-02 15:20:00,-2.420000,-2.420000,-2.420000,0,block,none,0.40,cubic_interpolation
236,2009-01-02 15:30:00,-2.470000,-2.470000,-2.470000,0,block,none,0.40,cubic_interpolation
237,2009-01-02 15:40:00,-2.550000,-2.550000,-2.550000,0,block,none,0.40,cubic_interpolation
238,2009-01-02 15:50:00,-2.650000,-2.650000,-2.650000,0,block,none,0.40,cubic_interpolation
239,2009-01-02 16:00:00,-2.760000,-2.760000,-2.760000,0,block,none,0.40,cubic_interpolation
240,2009-01-02 16:10:00,-2.810000,-2.810000,-2.810000,0,block,none,0.40,cubic_interpolation
241,2009-01-02 16:20:00,-2.830000,-2.830000,-2.830000,0,block,none,0.40,cubic_interpolation
242,2009-01-02 16:30:00,-2.840000,-2.840000,-2.840000,0,block,none,0.40,cubic_interpolation
243,2009-01-02 16:40:00,-2.830000,-2.830000,-2.830000,0,block,none,0.40,cubic_interpolation
244,2009-01-02 16:50:00,-2.840000,-2.840000,-2.840000,0,block,none,0.40,cubic_interpolation
245,2009-01-02 17:00:00,-2.880000,-2.880000,-2.880000,0,block,none,0.40,cubic_interpolation
246,2009-01-02 17:10:00,-2.960000,-2.960000,-2.960000,0,block,none,0.40,cubic_interpolation
247,2009-01-02 17:20:00,-2.960000,-2.960000,-2.960000,0,block,none,0.40,cubic_interpolation
248,2009-01-02 17:30:00,-2.970000,-2.970000,-2.970000,0,block,none,0.40,cubic_interpolation
249,2009-01-02 17:40:00,-3.030000,-3.030000,-3.030000,0,block,none,0.40,cubic_interpolation
250,2009-01-02 17:50:00,-3.050000,-3.050000,-3.050000,0,block,none,0.40,cubic_interpolation
251,2009-01-02 18:00:00,-3.070000,-3.070000,-3.070000,0,block,none,0.40,cubic_interpolation
252,2009-01-02 18:10:00,-3.160000,-3.160000,-3.160000,0,block,none,0.40,cubic_interpolation
253,2009-01-02 18:20:00,-3.200000,-3.200000,-3.200000,0,block,none,0.40,cubic_interpolation
254,2009-01-02 18:30:00,-3.230000,-3.230000,-3.230000,0,block,none,0.40,cubic_interpolation
255,2009-01-02 18:40:00,-3.290000,-3.290000,-3.290000,0,block,none,0.40,cubic_interpolation
256,2009-01-02 18:50:00,-3.300000,-3.300000,-3.300000,0,block,none,0.40,cubic_interpolation
257,2009-01-02 19:00:00,-3.340000,-3.340000,-3.340000,0,block,none,0.40,cubic_interpolation
258,2009-01-02 19:10:00,-3.360000,-3.360000,-3.360000,0,block,none,0.40,cubic_interpolation
259,2009-01-02 19:20:00,-3.360000,-3.360000,-3.360000,0,block,none,0.40,cubic_interpolation
260,2009-01-02 19:30:00,-3.360000,-3.360000,-3.360000,0,block,none,0.40,cubic_interpolation
261,2009-01-02 19:40:00,-3.360000,-3.360000,-3.360000,0,block,none,0.40,cubic_interpolation
262,2009-01-02 19:50:00,-3.310000,-3.310000,-3.310000,0,block,none,0.40,cubic_interpolation
263,2009-01-02 20:00:00,-3.300000,-3.300000,-3.300000,0,block,none,0.40,cubic_interpolation
264,2009-01-02 20:10:00,-3.280000,-3.280000,-3.280000,0,block,none,0.40,cubic_interpolation
265,2009-01-02 20:20:00,-3.360000,-3.360000,-3.360000,0,block,none,0.40,cubic_interpolation
266,2009-01-02 20:30:00,-3.360000,-3.360000,-3.360000,0,block,none,0.40,cubic_interpolation
267,2009-01-02 20:40:00,-3.360000,-3.360000,-3.360000,0,block,none,0.40,cubic_interpolation
268,2009-01-02 20:50:00,-3.430000,-3.430000,-3.430000,0,block,none,0.40,cubic_interpolation
269,2009-01-02 21:00:00,-3.490000,-3.490000,-3.490000,0,block,none,0.40,cubic_interpolation
270,2009-01-02 21:10:00,-3.500000,-3.500000,-3.500000,0,block,none,0.40,cubic_interpolation
271,2009-01-02 21:20:00,-3.520000,-3.520000,-3.520000,0,block,none,0.40,cubic_interpolation
272,2009-01-02 21:30:00,-3.660000,-3.660000,-3.660000,0,block,none,0.40,cubic_interpolation
273,2009-01-02 21:40:00,-3.800000,-3.800000,-3.800000,0,block,none,0.40,cubic_interpolation
274,2009-01-02 21:50:00,-3.940000,-3.940000,-3.940000,0,block,none,0.40,cubic_interpolation
275,2009-01-02 22:00:00,-4.020000,-4.020000,-4.020000,0,block,none,0.40,cubic_interpolation
276,2009-01-02 22:10:00,-4.060000,-4.060000,-4.060000,0,block,none,0.40,cubic_interpolation
277,2009-01-02 22:20:00,-4.200000,-4.200000,-4.200000,0,block,none,0.40,cubic_interpolation
278,2009-01-02 22:30:00,-4.340000,-4.340000,-4.340000,0,block,none,0.40,cubic_interpolation
279,2009-01-02 22:40:00,-4.300000,-4.300000,-4.300000,0,block,none,0.40,cubic_interpolation
280,2009-01-02 22:50:00,-4.350000,-4.350000,-4.350000,0,block,none,0.40,cubic_interpolation
281,2009-01-02 23:00:00,-4.380000,-4.380000,-4.380000,0,block,none,0.40,cubic_interpolation
282,2009-01-02 23:10:00,-4.450000,-4.450000,-4.450000,0,block,none,0.40,cubic_interpolation
283,2009-01-02 23:20:00,-4.530000,-4.530000,-4.530000,0,block,none,0.40,cubic_interpolation
284,2009-01-02 23:30:00,-4.570000,-4.570000,-4.570000,0,block,none,0.40,cubic_interpolation
285,2009-01-02 23:40:00,-4.560000,-4.560000,-4.560000,0,block,none,0.40,cubic_interpolation
286,2009-01-02 23:50:00,-4.590000,-4.590000,-4.590000,0,block,none,0.40,cubic_interpolation
287,2009-01-03 00:00:00,-4.710000,-4.710000,-4.710000,0,block,none,0.40,cubic_interpolation
288,2009-01-03 00:10:00,-4.890000,-4.890000,-4.890000,0,block,none,0.40,cubic_interpolation
289,2009-01-03 00:20:00,-5.200000,-5.200000,-5.200000,0,block,none,0.40,cubic_interpolation
290,2009-01-03 00:30:00,-5.480000,-5.480000,-5.480000,0,block,none,0.40,cubic_interpolation
291,2009-01-03 00:40:00,-5.500000,-5.500000,-5.500000,0,block,none,0.40,cubic_interpolation
292,2009-01-03 00:50:00,-5.430000,-5.430000,-5.430000,0,block,none,0.40,cubic_interpolation
293,2009-01-03 01:00:00,-5.280000,-5.280000,-5.280000,0,block,none,0.40,cubic_interpolation
294,2009-01-03 01:10:00,-5.390000,-5.390000,-5.390000,0,block,none,0.40,cubic_interpolation
295,2009-01-03 01:20:00,-5.660000,-5.660000,-5.660000,0,block,none,0.40,cubic_interpolation
296,2009-01-03 01:30:00,-5.700000,-5.700000,-5.700000,0,block,none,0.40,cubic_interpolation
297,2009-01-03 01:40:00,-5.890000,-5.890000,-5.890000,0,block,none,0.40,cubic_interpolation
298,2009-01-03 01:50:00,-6.080000,-6.080000,-6.080000,0,block,none,0.40,cubic_interpolation
299,2009-01-03 02:00:00,-6.230000,-6.230000,-6.230000,0,block,none,0.40,cubic_interpolation
300,2009-01-03 02:10:00,-6.380000,-6.380000,-6.380000,0,block,none,0.40,cubic_interpolation
301,2009-01-03 02:20:00,-6.550000,-6.550000,-6.550000,0,block,none,0.40,cubic_interpolation
302,2009-01-03 02:30:00,-6.410000,-6.410000,-6.410000,0,block,none,0.40,cubic_interpolation
303,2009-01-03 02:40:00,-6.120000,-6.120000,-6.120000,0,block,none,0.40,cubic_interpolation
304,2009-01-03 02:50:00,-6.010000,-6.010000,-6.010000,0,block,none,0.40,cubic_interpolation
305,2009-01-03 03:00:00,-6.130000,-6.130000,-6.130000,0,block,none,0.40,cubic_interpolation
306,2009-01-03 03:10:00,-6.360000,-6.360000,-6.360000,0,block,none,0.40,cubic_interpolation
307,2009-01-03 03:20:00,-6.480000,-6.480000,-6.480000,0,block,none,0.40,cubic_interpolation
308,2009-01-03 03:30:00,-6.460000,-6.460000,-6.460000,0,block,none,0.40,cubic_interpolation
309,2009-01-03 03:40:00,-6.330000,-6.330000,-6.330000,0,block,none,0.40,cubic_interpolation
310,2009-01-03 03:50:00,-6.390000,-6.390000,-6.390000,0,block,none,0.40,cubic_interpolation
311,2009-01-03 04:00:00,-6.210000,-6.210000,-6.210000,0,block,none,0.40,cubic_interpolation
312,2009-01-03 04:10:00,-6.170000,-6.170000,-6.170000,0,block,none,0.40,cubic_interpolation
313,2009-01-03 04:20:00,-6.250000,-6.250000,-6.250000,0,block,none,0.40,cubic_interpolation
314,2009-01-03 04:30:00,-6.300000,-6.300000,-6.300000,0,block,none,0.40,cubic_interpolation
315,2009-01-03 04:40:00,-6.490000,-6.490000,-6.490000,0,block,none,0.40,cubic_interpolation
316,2009-01-03 04:50:00,-6.640000,-6.640000,-6.640000,0,block,none,0.40,cubic_interpolation
317,2009-01-03 05:00:00,-7.020000,-7.020000,-7.020000,0,block,none,0.40,cubic_interpolation
318,2009-01-03 05:10:00,-7.190000,-7.190000,-7.190000,0,block,none,0.40,cubic_interpolation
319,2009-01-03 05:20:00,-7.350000,-7.350000,-7.350000,0,block,none,0.40,cubic_interpolation
320,2009-01-03 05:30:00,-7.540000,-7.540000,-7.540000,0,block,none,0.40,cubic_interpolation
321,2009-01-03 05:40:00,-7.800000,-7.800000,-7.800000,0,block,none,0.40,cubic_interpolation
322,2009-01-03 05:50:00,-7.960000,-7.960000,-7.960000,0,block,none,0.40,cubic_interpolation
323,2009-01-03 06:00:00,-8.200000,-8.200000,-8.200000,0,block,none,0.40,cubic_interpolation
324,2009-01-03 06:10:00,-8.140000,-8.140000,-8.140000,0,block,none,0.40,cubic_interpolation
325,2009-01-03 06:20:00,-7.920000,-7.920000,-7.920000,0,block,none,0.40,cubic_interpolation
326,2009-01-03 06:30:00,-7.890000,-7.890000,-7.890000,0,block,none,0.40,cubic_interpolation
327,2009-01-03 06:40:00,-7.970000,-7.970000,-7.970000,0,block,none,0.40,cubic_interpolation
328,2009-01-03 06:50:00,-8.100000,-8.100000,-8.100000,0,block,none,0.40,cubic_interpolation
329,2009-01-03 07:00:00,-8.480000,-8.480000,-8.480000,0,block,none,0.40,cubic_interpolation
330,2009-01-03 07:10:00,-8.630000,-8.630000,-8.630000,0,block,none,0.40,cubic_interpolation
331,2009-01-03 07:20:00,-8.610000,-8.610000,-8.610000,0,block,none,0.40,cubic_interpolation
332,2009-01-03 07:30:00,-8.610000,-8.610000,-8.610000,0,block,none,0.40,cubic_interpolation
333,2009-01-03 07:40:00,-8.850000,-8.850000,-8.850000,0,block,none,0.40,cubic_interpolation
334,2009-01-03 07:50:00,-9.180000,-9.180000,-9.180000,0,block,none,0.40,cubic_interpolation
335,2009-01-03 08:00:00,-9.280000,-9.280000,-9.280000,0,block,none,0.40,cubic_interpolation
336,2009-01-03 08:10:00,-9.450000,-9.450000,-9.450000,0,block,none,0.40,cubic_interpolation
337,2009-01-03 08:20:00,-9.810000,-9.810000,-9.810000,0,block,none,0.40,cubic_interpolation
338,2009-01-03 08:30:00,-9.850000,-9.850000,-9.850000,0,block,none,0.40,cubic_interpolation
339,2009-01-03 08:40:00,-9.710000,-9.710000,-9.710000,0,block,none,0.40,cubic_interpolation
340,2009-01-03 08:50:00,-9.400000,-9.400000,-9.400000,0,block,none,0.40,cubic_interpolation
341,2009-01-03 09:00:00,-9.460000,-9.460000,-9.460000,0,block,none,0.40,cubic_interpolation
342,2009-01-03 09:10:00,-10.000000,-10.000000,-10.000000,0,block,none,0.40,cubic_interpolation
343,2009-01-03 09:20:00,-9.930000,-9.930000,-9.930000,0,block,none,0.40,cubic_interpolation
344,2009-01-03 09:30:00,-9.300000,-9.300000,-9.300000,0,block,none,0.40,cubic_interpolation
345,2009-01-03 09:40:00,-8.830000,-8.830000,-8.830000,0,block,none,0.40,cubic_interpolation
346,2009-01-03 09:50:00,-8.480000,-8.480000,-8.480000,0,block,none,0.40,cubic_interpolation
347,2009-01-03 10:00:00,-8.530000,-8.530000,-8.530000,0,block,none,0.40,cubic_interpolation
348,2009-01-03 10:10:00,-8.560000,-8.560000,-8.560000,0,block,none,0.40,cubic_interpolation
349,2009-01-03 10:20:00,-8.470000,-8.470000,-8.470000,0,block,none,0.40,cubic_interpolation
350,2009-01-03 10:30:00,-8.510000,-8.510000,-8.510000,0,block,none,0.40,cubic_interpolation
351,2009-01-03 10:40:00,-8.410000,-8.410000,-8.410000,0,block,none,0.40,cubic_interpolation
352,2009-01-03 10:50:00,-8.160000,-8.160000,-8.160000,0,block,none,0.40,cubic_interpolation
353,2009-01-03 11:00:00,-7.870000,-7.870000,-7.870000,0,block,none,0.40,cubic_interpolation
354,2009-01-03 11:10:00,-7.520000,-7.520000,-7.520000,0,block,none,0.40,cubic_interpolation
355,2009-01-03 11:20:00,-7.290000,-7.290000,-7.290000,0,block,none,0.40,cubic_interpolation
356,2009-01-03 11:30:00,-6.890000,-6.890000,-6.890000,0,block,none,0.40,cubic_interpolation
357,2009-01-03 11:40:00,-6.560000,-6.560000,-6.560000,0,block,none,0.40,cubic_interpolation
358,2009-01-03 11:50:00,-6.320000,-6.320000,-6.320000,0,block,none,0.40,cubic_interpolation
359,2009-01-03 12:00:00,-5.960000,-5.960000,-5.960000,0,block,none,0.40,cubic_interpolation
360,2009-01-03 12:10:00,-5.780000,-5.780000,-5.780000,0,block,none,0.40,cubic_interpolation
361,2009-01-03 12:20:00,-5.150000,-5.150000,-5.150000,0,block,none,0.40,cubic_interpolation
362,2009-01-03 12:30:00,-4.340000,-4.340000,-4.340000,0,block,none,0.40,cubic_interpolation
363,2009-01-03 12:40:00,-3.770000,-3.770000,-3.770000,0,block,none,0.40,cubic_interpolation
364,2009-01-03 12:50:00,-3.270000,-3.270000,-3.270000,0,block,none,0.40,cubic_interpolation
365,2009-01-03 13:00:00,-2.820000,-2.820000,-2.820000,0,block,none,0.40,cubic_interpolation
366,2009-01-03 13:10:00,-2.230000,-2.230000,-2.230000,0,block,none,0.40,cubic_interpolation
367,2009-01-03 13:20:00,-2.370000,-2.370000,-2.370000,0,block,none,0.40,cubic_interpolation
368,2009-01-03 13:30:00,-2.110000,-2.110000,-2.110000,0,block,none,0.40,cubic_interpolation
369,2009-01-03 13:40:00,-1.660000,-1.660000,-1.660000,0,block,none,0.40,cubic_interpolation
370,2009-01-03 13:50:00,-1.430000,-1.430000,-1.430000,0,block,none,0.40,cubic_interpolation
371,2009-01-03 14:00:00,-2.150000,-2.150000,-2.150000,0,block,none,0.40,cubic_interpolation
372,2009-01-03 14:10:00,-2.740000,-2.740000,-2.740000,0,block,none,0.40,cubic_interpolation
373,2009-01-03 14:20:00,-2.290000,-2.290000,-2.290000,0,block,none,0.40,cubic_interpolation
374,2009-01-03 14:30:00,-1.660000,-1.660000,-1.660000,0,block,none,0.40,cubic_interpolation
375,2009-01-03 14:40:00,-1.520000,-1.520000,-1.520000,0,block,none,0.40,cubic_interpolation
376,2009-01-03 14:50:00,-0.900000,-0.900000,-0.900000,0,block,none,0.40,cubic_interpolation
377,2009-01-03 15:00:00,-0.820000,-0.820000,-0.820000,0,block,none,0.40,cubic_interpolation
378,2009-01-03 15:10:00,-1.370000,-1.370000,-1.370000,0,block,none,0.40,cubic_interpolation
379,2009-01-03 15:20:00,-1.910000,-1.910000,-1.910000,0,block,none,0.40,cubic_interpolation
380,2009-01-03 15:30:00,-2.280000,-2.280000,-2.280000,0,block,none,0.40,cubic_interpolation
381,2009-01-03 15:40:00,-2.240000,-2.240000,-2.240000,0,block,none,0.40,cubic_interpolation
382,2009-01-03 15:50:00,-2.320000,-2.320000,-2.320000,0,block,none,0.40,cubic_interpolation
383,2009-01-03 16:00:00,-2.800000,-2.800000,-2.800000,0,block,none,0.40,cubic_interpolation
384,2009-01-03 16:10:00,-3.640000,-3.640000,-3.640000,0,block,none,0.40,cubic_interpolation
385,2009-01-03 16:20:00,-3.980000,-3.980000,-3.980000,0,block,none,0.40,cubic_interpolation
386,2009-01-03 16:30:00,-4.180000,-4.180000,-4.180000,0,block,none,0.40,cubic_interpolation
387,2009-01-03 16:40:00,-4.350000,-4.350000,-4.350000,0,block,none,0.40,cubic_interpolation
388,2009-01-03 16:50:00,-4.520000,-4.520000,-4.520000,0,block,none,0.40,cubic_interpolation
389,2009-01-03 17:00:00,-4.690000,-4.690000,-4.690000,0,block,none,0.40,cubic_interpolation
390,2009-01-03 17:10:00,-4.630000,-4.630000,-4.630000,0,block,none,0.40,cubic_interpolation
391,2009-01-03 17:20:00,-4.600000,-4.600000,-4.600000,0,block,none,0.40,cubic_interpolation
392,2009-01-03 17:30:00,-4.310000,-4.310000,-4.310000,0,block,none,0.40,cubic_interpolation
393,2009-01-03 17:40:00,-4.180000,-4.180000,-4.180000,0,block,none,0.40,cubic_interpolation
394,2009-01-03 17:50:00,-4.160000,-4.160000,-4.160000,0,block,none,0.40,cubic_interpolation
395,2009-01-03 18:00:00,-4.080000,-4.080000,-4.080000,0,block,none,0.40,cubic_interpolation
396,2009-01-03 18:10:00,-3.980000,-3.980000,-3.980000,0,block,none,0.40,cubic_interpolation
397,2009-01-03 18:20:00,-3.910000,-3.910000,-3.910000,0,block,none,0.40,cubic_interpolation
398,2009-01-03 18:30:00,-3.900000,-3.900000,-3.900000,0,block,none,0.40,cubic_interpolation
399,2009-01-03 18:40:00,-3.900000,-3.900000,-3.900000,0,block,none,0.40,cubic_interpolation
400,2009-01-03 18:50:00,-3.870000,-3.870000,-3.870000,0,block,none,0.40,cubic_interpolation
401,2009-01-03 19:00:00,-3.780000,-3.780000,-3.780000,0,block,none,0.40,cubic_interpolation
402,2009-01-03 19:10:00,-3.770000,-3.770000,-3.770000,0,block,none,0.40,cubic_interpolation
403,2009-01-03 19:20:00,-3.950000,-3.950000,-3.950000,0,block,none,0.40,cubic_interpolation
404,2009-01-03 19:30:00,-3.900000,-3.900000,-3.900000,0,block,none,0.40,cubic_interpolation
405,2009-01-03 19:40:00,-3.750000,-3.750000,-3.750000,0,block,none,0.40,cubic_interpolation
406,2009-01-03 19:50:00,-3.810000,-3.810000,-3.810000,0,block,none,0.40,cubic_interpolation
407,2009-01-03 20:00:00,-3.840000,-3.840000,-3.840000,0,block,none,0.40,cubic_interpolation
408,2009-01-03 20:10:00,-3.880000,-3.880000,-3.880000,0,block,none,0.40,cubic_interpolation
409,2009-01-03 20:20:00,-3.670000,-3.670000,-3.670000,0,block,none,0.40,cubic_interpolation
410,2009-01-03 20:30:00,-3.300000,-3.300000,-3.300000,0,block,none,0.40,cubic_interpolation
411,2009-01-03 20:40:00,-3.340000,-3.340000,-3.340000,0,block,none,0.40,cubic_interpolation
412,2009-01-03 20:50:00,-3.240000,-3.240000,-3.240000,0,block,none,0.40,cubic_interpolation
413,2009-01-03 21:00:00,-3.150000,-3.150000,-3.150000,0,block,none,0.40,cubic_interpolation
414,2009-01-03 21:10:00,-3.070000,-3.070000,-3.070000,0,block,none,0.40,cubic_interpolation
415,2009-01-03 21:20:00,-2.930000,-2.930000,-2.930000,0,block,none,0.40,cubic_interpolation
416,2009-01-03 21:30:00,-2.780000,-2.780000,-2.780000,0,block,none,0.40,cubic_interpolation
417,2009-01-03 21:40:00,-2.760000,-2.760000,-2.760000,0,block,none,0.40,cubic_interpolation
418,2009-01-03 21:50:00,-2.760000,-2.760000,-2.760000,0,block,none,0.40,cubic_interpolation
419,2009-01-03 22:00:00,-2.760000,-2.760000,-2.760000,0,block,none,0.40,cubic_interpolation
420,2009-01-03 22:10:00,-2.710000,-2.710000,-2.710000,0,block,none,0.40,cubic_interpolation
421,2009-01-03 22:20:00,-2.670000,-2.670000,-2.670000,0,block,none,0.40,cubic_interpolation
422,2009-01-03 22:30:00,-2.690000,-2.690000,-2.690000,0,block,none,0.40,cubic_interpolation
423,2009-01-03 22:40:00,-2.700000,-2.700000,-2.700000,0,block,none,0.40,cubic_interpolation
424,2009-01-03 22:50:00,-2.640000,-2.640000,-2.640000,0,block,none,0.40,cubic_interpolation
425,2009-01-03 23:00:00,-2.580000,-2.580000,-2.580000,0,block,none,0.40,cubic_interpolation
426,2009-01-03 23:10:00,-2.460000,-2.460000,-2.460000,0,block,none,0.40,cubic_interpolation
427,2009-01-03 23:20:00,-2.330000,-2.330000,-2.330000,0,block,none,0.40,cubic_interpolation
428,2009-01-03 23:30:00,-2.120000,-2.120000,-2.120000,0,block,none,0.40,cubic_interpolation
429,2009-01-03 23:40:00,-1.970000,-1.970000,-1.970000,0,block,none,0.40,cubic_interpolation
430,2009-01-03 23:50:00,-1.900000,-1.900000,-1.900000,0,block,none,0.40,cubic_interpolation
431,2009-01-04 00:00:00,-1.900000,-1.900000,-1.900000,0,block,none,0.40,cubic_interpolation
432,2009-01-04 00:10:00,-1.830000,-1.830000,-1.830000,0,block,none,0.40,cubic_interpolation
433,2009-01-04 00:20:00,-1.700000,-1.700000,-1.700000,0,block,none,0.40,cubic_interpolation
434,2009-01-04 00:30:00,-1.600000,-1.600000,-1.600000,0,block,none,0.40,cubic_interpolation
435,2009-01-04 00:40:00,-1.550000,-1.550000,-1.550000,0,block,none,0.40,cubic_interpolation
436,2009-01-04 00:50:00,-1.460000,-1.460000,-1.460000,0,block,none,0.40,cubic_interpolation
437,2009-01-04 01:00:00,-1.420000,-1.420000,-1.420000,0,block,none,0.40,cubic_interpolation
438,2009-01-04 01:10:00,-1.490000,-1.490000,-1.490000,0,block,none,0.40,cubic_interpolation
439,2009-01-04 01:20:00,-2.010000,-2.010000,-2.010000,0,block,none,0.40,cubic_interpolation
440,2009-01-04 01:30:00,-2.320000,-2.320000,-2.320000,0,block,none,0.40,cubic_interpolation
441,2009-01-04 01:40:00,-2.370000,-2.370000,-2.370000,0,block,none,0.40,cubic_interpolation
442,2009-01-04 01:50:00,-2.320000,-2.320000,-2.320000,0,block,none,0.40,cubic_interpolation
443,2009-01-04 02:00:00,-2.220000,-2.220000,-2.220000,0,block,none,0.40,cubic_interpolation
444,2009-01-04 02:10:00,-2.090000,-2.090000,-2.090000,0,block,none,0.40,cubic_interpolation
445,2009-01-04 02:20:00,-2.040000,-2.040000,-2.040000,0,block,none,0.40,cubic_interpolation
446,2009-01-04 02:30:00,-2.250000,-2.250000,-2.250000,0,block,none,0.40,cubic_interpolation
447,2009-01-04 02:40:00,-2.540000,-2.540000,-2.540000,0,block,none,0.40,cubic_interpolation
448,2009-01-04 02:50:00,-2.260000,-2.260000,-2.260000,0,block,none,0.40,cubic_interpolation
449,2009-01-04 03:00:00,-2.200000,-2.200000,-2.200000,0,block,none,0.40,cubic_interpolation
450,2009-01-04 03:10:00,-2.160000,-2.160000,-2.160000,0,block,none,0.40,cubic_interpolation
451,2009-01-04 03:20:00,-2.050000,-2.050000,-2.050000,0,block,none,0.40,cubic_interpolation
452,2009-01-04 03:30:00,-1.900000,-1.900000,-1.900000,0,block,none,0.40,cubic_interpolation
453,2009-01-04 03:40:00,-1.790000,-1.790000,-1.790000,0,block,none,0.40,cubic_interpolation
454,2009-01-04 03:50:00,-1.790000,-1.790000,-1.790000,0,block,none,0.40,cubic_interpolation
455,2009-01-04 04:00:00,-1.880000,-1.880000,-1.880000,0,block,none,0.40,cubic_interpolation
456,2009-01-04 04:10:00,-1.870000,-1.870000,-1.870000,0,block,none,0.40,cubic_interpolation
457,2009-01-04 04:20:00,-1.780000,-1.780000,-1.780000,0,block,none,0.40,cubic_interpolation
458,2009-01-04 04:30:00,-1.660000,-1.660000,-1.660000,0,block,none,0.40,cubic_interpolation
459,2009-01-04 04:40:00,-1.640000,-1.640000,-1.640000,0,block,none,0.40,cubic_interpolation
460,2009-01-04 04:50:00,-1.640000,-1.640000,-1.640000,0,block,none,0.40,cubic_interpolation
461,2009-01-04 05:00:00,-1.640000,-1.640000,-1.640000,0,block,none,0.40,cubic_interpolation
462,2009-01-04 05:10:00,-1.500000,-1.500000,-1.500000,0,block,none,0.40,cubic_interpolation
463,2009-01-04 05:20:00,-1.440000,-1.440000,-1.440000,0,block,none,0.40,cubic_interpolation
464,2009-01-04 05:30:00,-1.470000,-1.470000,-1.470000,0,block,none,0.40,cubic_interpolation
465,2009-01-04 05:40:00,-1.490000,-1.490000,-1.490000,0,block,none,0.40,cubic_interpolation
466,2009-01-04 05:50:00,-1.440000,-1.440000,-1.440000,0,block,none,0.40,cubic_interpolation
467,2009-01-04 06:00:00,-1.440000,-1.440000,-1.440000,0,block,none,0.40,cubic_interpolation
468,2009-01-04 06:10:00,-1.440000,-1.440000,-1.440000,0,block,none,0.40,cubic_interpolation
469,2009-01-04 06:20:00,-1.390000,-1.390000,-1.390000,0,block,none,0.40,cubic_interpolation
470,2009-01-04 06:30:00,-1.330000,-1.330000,-1.330000,0,block,none,0.40,cubic_interpolation
471,2009-01-04 06:40:00,-1.250000,-1.250000,-1.250000,0,block,none,0.40,cubic_interpolation
472,2009-01-04 06:50:00,-1.140000,-1.140000,-1.140000,0,block,none,0.40,cubic_interpolation
473,2009-01-04 07:00:00,-1.090000,-1.090000,-1.090000,0,block,none,0.40,cubic_interpolation
474,2009-01-04 07:10:00,-1.000000,-1.000000,-1.000000,0,block,none,0.40,cubic_interpolation
475,2009-01-04 07:20:00,-0.920000,,-0.892806,1,block,none,0.40,cubic_interpolation
476,2009-01-04 07:30:00,-0.900000,,-0.783478,1,block,none,0.40,cubic_interpolation
477,2009-01-04 07:40:00,-0.860000,,-0.672036,1,block,none,0.40,cubic_interpolation
478,2009-01-04 07:50:00,-0.900000,,-0.558504,1,block,none,0.40,cubic_interpolation
479,2009-01-04 08:00:00,-0.890000,,-0.442902,1,block,none,0.40,cubic_interpolation
480,2009-01-04 08:10:00,-0.810000,,-0.325253,1,block,none,0.40,cubic_interpolation
481,2009-01-04 08:20:00,-0.760000,,-0.205578,1,block,none,0.40,cubic_interpolation
482,2009-01-04 08:30:00,-0.700000,,-0.083899,1,block,none,0.40,cubic_interpolation
483,2009-01-04 08:40:00,-0.700000,,0.039762,1,block,none,0.40,cubic_interpolation
484,2009-01-04 08:50:00,-0.760000,,0.165384,1,block,none,0.40,cubic_interpolation
485,2009-01-04 09:00:00,-0.720000,,0.292945,1,block,none,0.40,cubic_interpolation
486,2009-01-04 09:10:00,-0.900000,,0.422422,1,block,none,0.40,cubic_interpolation
487,2009-01-04 09:20:00,-1.210000,,0.553795,1,block,none,0.40,cubic_interpolation
488,2009-01-04 09:30:00,-1.310000,,0.687041,1,block,none,0.40,cubic_interpolation
489,2009-01-04 09:40:00,-1.370000,,0.822138,1,block,none,0.40,cubic_interpolation
490,2009-01-04 09:50:00,-1.370000,,0.959066,1,block,none,0.40,cubic_interpolation
491,2009-01-04 10:00:00,-1.370000,,1.097802,1,block,none,0.40,cubic_interpolation
492,2009-01-04 10:10:00,-1.300000,,1.238324,1,block,none,0.40,cubic_interpolation
493,2009-01-04 10:20:00,-1.200000,,1.380611,1,block,none,0.40,cubic_interpolation
494,2009-01-04 10:30:00,-1.140000,,1.524641,1,block,none,0.40,cubic_interpolation
495,2009-01-04 10:40:00,-1.100000,,1.670391,1,block,none,0.40,cubic_interpolation
496,2009-01-04 10:50:00,-1.100000,,1.817841,1,block,none,0.40,cubic_interpolation
497,2009-01-04 11:00:00,-1.100000,,1.966969,1,block,none,0.40,cubic_interpolation
498,2009-01-04 11:10:00,-1.120000,,2.117753,1,block,none,0.40,cubic_interpolation
499,2009-01-04 11:20:00,-1.110000,,2.270170,1,block,none,0.40,cubic_interpolation
500,2009-01-04 11:30:00,-1.100000,,2.424200,1,block,none,0.40,cubic_interpolation
501,2009-01-04 11:40:00,-1.160000,,2.579820,1,block,none,0.40,cubic_interpolation
502,2009-01-04 11:50:00,-1.170000,,2.737009,1,block,none,0.40,cubic_interpolation
503,2009-01-04 12:00:00,-1.210000,,2.895745,1,block,none,0.40,cubic_interpolation
504,2009-01-04 12:10:00,-1.120000,,3.056007,1,block,none,0.40,cubic_interpolation
505,2009-01-04 12:20:00,-0.990000,,3.217772,1,block,none,0.40,cubic_interpolation
506,2009-01-04 12:30:00,-0.940000,,3.381018,1,block,none,0.40,cubic_interpolation
507,2009-01-04 12:40:00,-0.860000,,3.545724,1,block,none,0.40,cubic_interpolation
508,2009-01-04 12:50:00,-0.920000,,3.711869,1,block,none,0.40,cubic_interpolation
509,2009-01-04 13:00:00,-1.020000,,3.879430,1,block,none,0.40,cubic_interpolation
510,2009-01-04 13:10:00,-0.990000,,4.048386,1,block,none,0.40,cubic_interpolation
511,2009-01-04 13:20:00,-1.000000,,4.218714,1,block,none,0.40,cubic_interpolation
512,2009-01-04 13:30:00,-1.040000,,4.390394,1,block,none,0.40,cubic_interpolation
513,2009-01-04 13:40:00,-0.990000,,4.563403,1,block,none,0.40,cubic_interpolation
514,2009-01-04 13:50:00,-0.830000,,4.737720,1,block,none,0.40,cubic_interpolation
515,2009-01-04 14:00:00,-0.770000,,4.913323,1,block,none,0.40,cubic_interpolation
516,2009-01-04 14:10:00,-0.790000,,5.090189,1,block,none,0.40,cubic_interpolation
517,2009-01-04 14:20:00,-0.870000,,5.268298,1,block,none,0.40,cubic_interpolation
518,2009-01-04 14:30:00,-0.900000,,5.447628,1,block,none,0.40,cubic_interpolation
519,2009-01-04 14:40:00,-0.900000,,5.628156,1,block,none,0.40,cubic_interpolation
520,2009-01-04 14:50:00,-0.790000,,5.809862,1,block,none,0.40,cubic_interpolation
521,2009-01-04 15:00:00,-0.700000,,5.992722,1,block,none,0.40,cubic_interpolation
522,2009-01-04 15:10:00,-0.630000,,6.176716,1,block,none,0.40,cubic_interpolation
523,2009-01-04 15:20:00,-0.750000,,6.361822,1,block,none,0.40,cubic_interpolation
524,2009-01-04 15:30:00,-0.840000,,6.548018,1,block,none,0.40,cubic_interpolation
525,2009-01-04 15:40:00,-0.960000,,6.735282,1,block,none,0.40,cubic_interpolation
526,2009-01-04 15:50:00,-1.020000,,6.923593,1,block,none,0.40,cubic_interpolation
527,2009-01-04 16:00:00,-1.050000,,7.112928,1,block,none,0.40,cubic_interpolation
528,2009-01-04 16:10:00,-1.130000,,7.303266,1,block,none,0.40,cubic_interpolation
529,2009-01-04 16:20:00,-1.220000,,7.494586,1,block,none,0.40,cubic_interpolation
530,2009-01-04 16:30:00,-1.290000,,7.686864,1,block,none,0.40,cubic_interpolation
531,2009-01-04 16:40:00,-1.400000,,7.880081,1,block,none,0.40,cubic_interpolation
532,2009-01-04 16:50:00,-1.440000,,8.074213,1,block,none,0.40,cubic_interpolation
533,2009-01-04 17:00:00,-1.460000,,8.269240,1,block,none,0.40,cubic_interpolation
534,2009-01-04 17:10:00,-1.410000,,8.465138,1,block,none,0.40,cubic_interpolation
535,2009-01-04 17:20:00,-1.440000,,8.661888,1,block,none,0.40,cubic_interpolation
536,2009-01-04 17:30:00,-1.420000,,8.859466,1,block,none,0.40,cubic_interpolation
537,2009-01-04 17:40:00,-1.450000,,9.057851,1,block,none,0.40,cubic_interpolation
538,2009-01-04 17:50:00,-1.490000,,9.257022,1,block,none,0.40,cubic_interpolation
539,2009-01-04 18:00:00,-1.510000,,9.456956,1,block,none,0.40,cubic_interpolation
540,2009-01-04 18:10:00,-1.510000,,9.657632,1,block,none,0.40,cubic_interpolation
541,2009-01-04 18:20:00,-1.510000,,9.859028,1,block,none,0.40,cubic_interpolation
542,2009-01-04 18:30:00,-1.560000,,10.061122,1,block,none,0.40,cubic_interpolation
543,2009-01-04 18:40:00,-1.570000,,10.263893,1,block,none,0.40,cubic_interpolation
544,2009-01-04 18:50:00,-1.580000,,10.467318,1,block,none,0.40,cubic_interpolation
545,2009-01-04 19:00:00,-1.620000,,10.671377,1,block,none,0.40,cubic_interpolation
546,2009-01-04 19:10:00,-1.560000,,10.876046,1,block,none,0.40,cubic_interpolation
547,2009-01-04 19:20:00,-1.630000,,11.081305,1,block,none,0.40,cubic_interpolation
548,2009-01-04 19:30:00,-1.600000,,11.287132,1,block,none,0.40,cubic_interpolation
549,2009-01-04 19:40:00,-1.580000,,11.493505,1,block,none,0.40,cubic_interpolation
550,2009-01-04 19:50:00,-1.610000,,11.700402,1,block,none,0.40,cubic_interpolation
551,2009-01-04 20:00:00,-1.560000,,11.907801,1,block,none,0.40,cubic_interpolation
552,2009-01-04 20:10:00,-1.510000,,12.115681,1,block,none,0.40,cubic_interpolation
553,2009-01-04 20:20:00,-1.450000,,12.324019,1,block,none,0.40,cubic_interpolation
554,2009-01-04 20:30:00,-1.510000,,12.532795,1,block,none,0.40,cubic_interpolation
555,2009-01-04 20:40:00,-1.510000,,12.741986,1,block,none,0.40,cubic_interpolation
556,2009-01-04 20:50:00,-1.510000,,12.951571,1,block,none,0.40,cubic_interpolation
557,2009-01-04 21:00:00,-1.510000,,13.161528,1,block,none,0.40,cubic_interpolation
558,2009-01-04 21:10:00,-1.510000,,13.371834,1,block,none,0.40,cubic_interpolation
559,2009-01-04 21:20:00,-1.510000,,13.582469,1,block,none,0.40,cubic_interpolation
560,2009-01-04 21:30:00,-1.490000,,13.793411,1,block,none,0.40,cubic_interpolation
561,2009-01-04 21:40:00,-1.440000,,14.004637,1,block,none,0.40,cubic_interpolation
562,2009-01-04 21:50:00,-1.440000,,14.216126,1,block,none,0.40,cubic_interpolation
563,2009-01-04 22:00:00,-1.430000,,14.427857,1,block,none,0.40,cubic_interpolation
564,2009-01-04 22:10:00,-1.380000,,14.639807,1,block,none,0.40,cubic_interpolation
565,2009-01-04 22:20:00,-1.450000,,14.851954,1,block,none,0.40,cubic_interpolation
566,2009-01-04 22:30:00,-1.510000,,15.064278,1,block,none,0.40,cubic_interpolation
567,2009-01-04 22:40:00,-1.460000,,15.276756,1,block,none,0.40,cubic_interpolation
568,2009-01-04 22:50:00,-1.440000,,15.489366,1,block,none,0.40,cubic_interpolation
569,2009-01-04 23:00:00,-1.440000,,15.702087,1,block,none,0.40,cubic_interpolation
570,2009-01-04 23:10:00,-1.440000,,15.914897,1,block,none,0.40,cubic_interpolation
571,2009-01-04 23:20:00,-1.420000,,16.127774,1,block,none,0.40,cubic_interpolation
572,2009-01-04 23:30:00,-1.440000,,16.340697,1,block,none,0.40,cubic_interpolation
573,2009-01-04 23:40:00,-1.460000,,16.553643,1,block,none,0.40,cubic_interpolation
574,2009-01-04 23:50:00,-1.500000,,16.766590,1,block,none,0.40,cubic_interpolation
575,2009-01-05 00:00:00,-1.470000,,16.979518,1,block,none,0.40,cubic_interpolation
576,2009-01-05 00:10:00,-1.500000,,17.192405,1,block,none,0.40,cubic_interpolation
577,2009-01-05 00:20:00,-1.520000,,17.405228,1,block,none,0.40,cubic_interpolation
578,2009-01-05 00:30:00,-1.560000,,17.617965,1,block,none,0.40,cubic_interpolation
579,2009-01-05 00:40:00,-1.560000,,17.830596,1,block,none,0.40,cubic_interpolation
580,2009-01-05 00:50:00,-1.570000,,18.043098,1,block,none,0.40,cubic_interpolation
581,2009-01-05 01:00:00,-1.570000,,18.255450,1,block,none,0.40,cubic_interpolation
582,2009-01-05 01:10:00,-1.570000,,18.467629,1,block,none,0.40,cubic_interpolation
583,2009-01-05 01:20:00,-1.580000,,18.679614,1,block,none,0.40,cubic_interpolation
584,2009-01-05 01:30:00,-1.570000,,18.891384,1,block,none,0.40,cubic_interpolation
585,2009-01-05 01:40:00,-1.600000,,19.102916,1,block,none,0.40,cubic_interpolation
586,2009-01-05 01:50:00,-1.630000,,19.314188,1,block,none,0.40,cubic_interpolation
587,2009-01-05 02:00:00,-1.600000,,19.525180,1,block,none,0.40,cubic_interpolation
588,2009-01-05 02:10:00,-1.570000,,19.735869,1,block,none,0.40,cubic_interpolation
589,2009-01-05 02:20:00,-1.540000,,19.946233,1,block,none,0.40,cubic_interpolation
590,2009-01-05 02:30:00,-1.500000,,20.156251,1,block,none,0.40,cubic_interpolation
591,2009-01-05 02:40:00,-1.460000,,20.365901,1,block,none,0.40,cubic_interpolation
592,2009-01-05 02:50:00,-1.440000,,20.575161,1,block,none,0.40,cubic_interpolation
593,2009-01-05 03:00:00,-1.500000,,20.784009,1,block,none,0.40,cubic_interpolation
594,2009-01-05 03:10:00,-1.530000,,20.992424,1,block,none,0.40,cubic_interpolation
595,2009-01-05 03:20:00,-1.570000,,21.200384,1,block,none,0.40,cubic_interpolation
596,2009-01-05 03:30:00,-1.610000,,21.407866,1,block,none,0.40,cubic_interpolation
597,2009-01-05 03:40:00,-1.640000,,21.614851,1,block,none,0.40,cubic_interpolation
598,2009-01-05 03:50:00,-1.700000,,21.821314,1,block,none,0.40,cubic_interpolation
599,2009-01-05 04:00:00,-1.760000,,22.027236,1,block,none,0.40,cubic_interpolation
600,2009-01-05 04:10:00,-1.770000,,22.232593,1,block,none,0.40,cubic_interpolation
601,2009-01-05 04:20:00,-1.800000,,22.437365,1,block,none,0.40,cubic_interpolation
602,2009-01-05 04:30:00,-1.810000,,22.641529,1,block,none,0.40,cubic_interpolation
603,2009-01-05 04:40:00,-1.770000,,22.845065,1,block,none,0.40,cubic_interpolation
604,2009-01-05 04:50:00,-1.770000,,23.047949,1,block,none,0.40,cubic_interpolation
605,2009-01-05 05:00:00,-1.770000,,23.250160,1,block,none,0.40,cubic_interpolation
606,2009-01-05 05:10:00,-1.770000,,23.451677,1,block,none,0.40,cubic_interpolation
607,2009-01-05 05:20:00,-1.760000,,23.652477,1,block,none,0.40,cubic_interpolation
608,2009-01-05 05:30:00,-1.760000,,23.852539,1,block,none,0.40,cubic_interpolation
609,2009-01-05 05:40:00,-1.760000,,24.051842,1,block,none,0.40,cubic_interpolation
610,2009-01-05 05:50:00,-1.760000,,24.250363,1,block,none,0.40,cubic_interpolation
611,2009-01-05 06:00:00,-1.760000,,24.448080,1,block,none,0.40,cubic_interpolation
612,2009-01-05 06:10:00,-1.700000,,24.644973,1,block,none,0.40,cubic_interpolation
613,2009-01-05 06:20:00,-1.700000,,24.841018,1,block,none,0.40,cubic_interpolation
614,2009-01-05 06:30:00,-1.710000,,25.036195,1,block,none,0.40,cubic_interpolation
615,2009-01-05 06:40:00,-1.790000,,25.230482,1,block,none,0.40,cubic_interpolation
616,2009-01-05 06:50:00,-1.920000,,25.423856,1,block,none,0.40,cubic_interpolation
617,2009-01-05 07:00:00,-2.080000,,25.616297,1,block,none,0.40,cubic_interpolation
618,2009-01-05 07:10:00,-2.180000,,25.807781,1,block,none,0.40,cubic_interpolation
619,2009-01-05 07:20:00,-2.260000,,25.998289,1,block,none,0.40,cubic_interpolation
620,2009-01-05 07:30:00,-2.310000,,26.187797,1,block,none,0.40,cubic_interpolation
621,2009-01-05 07:40:00,-2.360000,,26.376284,1,block,none,0.40,cubic_interpolation
622,2009-01-05 07:50:00,-2.590000,,26.563728,1,block,none,0.40,cubic_interpolation
623,2009-01-05 08:00:00,-2.720000,,26.750108,1,block,none,0.40,cubic_interpolation
624,2009-01-05 08:10:00,-2.830000,,26.935401,1,block,none,0.40,cubic_interpolation
625,2009-01-05 08:20:00,-2.870000,,27.119587,1,block,none,0.40,cubic_interpolation
626,2009-01-05 08:30:00,-2.900000,,27.302643,1,block,none,0.40,cubic_interpolation
627,2009-01-05 08:40:00,-2.890000,,27.484547,1,block,none,0.40,cubic_interpolation
628,2009-01-05 08:50:00,-3.030000,,27.665278,1,block,none,0.40,cubic_interpolation
629,2009-01-05 09:00:00,-3.110000,,27.844813,1,block,none,0.40,cubic_interpolation
630,2009-01-05 09:10:00,-3.120000,,28.023132,1,block,none,0.40,cubic_interpolation
631,2009-01-05 09:20:00,-3.110000,,28.200213,1,block,none,0.40,cubic_interpolation
632,2009-01-05 09:30:00,-3.180000,,28.376033,1,block,none,0.40,cubic_interpolation
633,2009-01-05 09:40:00,-3.230000,,28.550571,1,block,none,0.40,cubic_interpolation
634,2009-01-05 09:50:00,-3.240000,,28.723804,1,block,none,0.40,cubic_interpolation
635,2009-01-05 10:00:00,-3.290000,,28.895713,1,block,none,0.40,cubic_interpolation
636,2009-01-05 10:10:00,-3.300000,,29.066274,1,block,none,0.40,cubic_interpolation
637,2009-01-05 10:20:00,-3.280000,,29.235465,1,block,none,0.40,cubic_interpolation
638,2009-01-05 10:30:00,-3.310000,,29.403266,1,block,none,0.40,cubic_interpolation
639,2009-01-05 10:40:00,-3.360000,,29.569654,1,block,none,0.40,cubic_interpolation
640,2009-01-05 10:50:00,-3.460000,,29.734608,1,block,none,0.40,cubic_interpolation
641,2009-01-05 11:00:00,-3.530000,,29.898105,1,block,none,0.40,cubic_interpolation
642,2009-01-05 11:10:00,-3.570000,,30.060124,1,block,none,0.40,cubic_interpolation
643,2009-01-05 11:20:00,-3.580000,,30.220644,1,block,none,0.40,cubic_interpolation
644,2009-01-05 11:30:00,-3.620000,,30.379642,1,block,none,0.40,cubic_interpolation
645,2009-01-05 11:40:00,-3.630000,,30.537097,1,block,none,0.40,cubic_interpolation
646,2009-01-05 11:50:00,-3.630000,,30.692986,1,block,none,0.40,cubic_interpolation
647,2009-01-05 12:00:00,-3.650000,,30.847289,1,block,none,0.40,cubic_interpolation
648,2009-01-05 12:10:00,-3.730000,,30.999984,1,block,none,0.40,cubic_interpolation
649,2009-01-05 12:20:00,-3.860000,,31.151048,1,block,none,0.40,cubic_interpolation
650,2009-01-05 12:30:00,-4.060000,,31.300460,1,block,none,0.40,cubic_interpolation
651,2009-01-05 12:40:00,-4.160000,,31.448198,1,block,none,0.40,cubic_interpolation
652,2009-01-05 12:50:00,-4.170000,,31.594240,1,block,none,0.40,cubic_interpolation
653,2009-01-05 13:00:00,-4.150000,,31.738565,1,block,none,0.40,cubic_interpolation
654,2009-01-05 13:10:00,-4.230000,,31.881151,1,block,none,0.40,cubic_interpolation
655,2009-01-05 13:20:00,-4.330000,,32.021976,1,block,none,0.40,cubic_interpolation
656,2009-01-05 13:30:00,-4.370000,,32.161019,1,block,none,0.40,cubic_interpolation
657,2009-01-05 13:40:00,-4.450000,,32.298257,1,block,none,0.40,cubic_interpolation
658,2009-01-05 13:50:00,-4.500000,,32.433668,1,block,none,0.40,cubic_interpolation
659,2009-01-05 14:00:00,-4.570000,,32.567232,1,block,none,0.40,cubic_interpolation
660,2009-01-05 14:10:00,-4.680000,,32.698926,1,block,none,0.40,cubic_interpolation
661,2009-01-05 14:20:00,-4.770000,,32.828729,1,block,none,0.40,cubic_interpolation
662,2009-01-05 14:30:00,-4.810000,,32.956618,1,block,none,0.40,cubic_interpolation
663,2009-01-05 14:40:00,-4.950000,,33.082572,1,block,none,0.40,cubic_interpolation
664,2009-01-05 14:50:00,-5.080000,,33.206570,1,block,none,0.40,cubic_interpolation
665,2009-01-05 15:00:00,-5.140000,,33.328589,1,block,none,0.40,cubic_interpolation
666,2009-01-05 15:10:00,-5.260000,,33.448608,1,block,none,0.40,cubic_interpolation
667,2009-01-05 15:20:00,-5.410000,,33.566604,1,block,none,0.40,cubic_interpolation
668,2009-01-05 15:30:00,-5.490000,,33.682557,1,block,none,0.40,cubic_interpolation
669,2009-01-05 15:40:00,-5.540000,,33.796445,1,block,none,0.40,cubic_interpolation
670,2009-01-05 15:50:00,-5.590000,,33.908245,1,block,none,0.40,cubic_interpolation
671,2009-01-05 16:00:00,-5.740000,,34.017935,1,block,none,0.40,cubic_interpolation
672,2009-01-05 16:10:00,-5.770000,,34.125495,1,block,none,0.40,cubic_interpolation
673,2009-01-05 16:20:00,-5.940000,,34.230903,1,block,none,0.40,cubic_interpolation
674,2009-01-05 16:30:00,-6.050000,,34.334136,1,block,none,0.40,cubic_interpolation
675,2009-01-05 16:40:00,-6.100000,,34.435172,1,block,none,0.40,cubic_interpolation
676,2009-01-05 16:50:00,-6.210000,,34.533991,1,block,none,0.40,cubic_interpolation
677,2009-01-05 17:00:00,-6.380000,,34.630570,1,block,none,0.40,cubic_interpolation
678,2009-01-05 17:10:00,-6.550000,,34.724888,1,block,none,0.40,cubic_interpolation
679,2009-01-05 17:20:00,-6.630000,,34.816923,1,block,none,0.40,cubic_interpolation
680,2009-01-05 17:30:00,-6.700000,,34.906652,1,block,none,0.40,cubic_interpolation
681,2009-01-05 17:40:00,-6.760000,,34.994055,1,block,none,0.40,cubic_interpolation
682,2009-01-05 17:50:00,-6.740000,,35.079109,1,block,none,0.40,cubic_interpolation
683,2009-01-05 18:00:00,-6.850000,,35.161793,1,block,none,0.40,cubic_interpolation
684,2009-01-05 18:10:00,-7.080000,,35.242085,1,block,none,0.40,cubic_interpolation
685,2009-01-05 18:20:00,-7.450000,,35.319964,1,block,none,0.40,cubic_interpolation
686,2009-01-05 18:30:00,-7.620000,,35.395406,1,block,none,0.40,cubic_interpolation
687,2009-01-05 18:40:00,-7.730000,,35.468392,1,block,none,0.40,cubic_interpolation
688,2009-01-05 18:50:00,-7.800000,,35.538898,1,block,none,0.40,cubic_interpolation
689,2009-01-05 19:00:00,-7.900000,,35.606904,1,block,none,0.40,cubic_interpolation
690,2009-01-05 19:10:00,-8.010000,,35.672387,1,block,none,0.40,cubic_interpolation
691,2009-01-05 19:20:00,-8.130000,,35.735325,1,block,none,0.40,cubic_interpolation
692,2009-01-05 19:30:00,-8.310000,,35.795698,1,block,none,0.40,cubic_interpolation
693,2009-01-05 19:40:00,-8.550000,,35.853482,1,block,none,0.40,cubic_interpolation
694,2009-01-05 19:50:00,-8.870000,,35.908657,1,block,none,0.40,cubic_interpolation
695,2009-01-05 20:00:00,-9.130000,,35.961201,1,block,none,0.40,cubic_interpolation
696,2009-01-05 20:10:00,-9.350000,,36.011091,1,block,none,0.40,cubic_interpolation
697,2009-01-05 20:20:00,-9.550000,,36.058306,1,block,none,0.40,cubic_interpolation
698,2009-01-05 20:30:00,-9.730000,,36.102825,1,block,none,0.40,cubic_interpolation
699,2009-01-05 20:40:00,-9.900000,,36.144625,1,block,none,0.40,cubic_interpolation
700,2009-01-05 20:50:00,-10.070000,,36.183685,1,block,none,0.40,cubic_interpolation
701,2009-01-05 21:00:00,-10.180000,,36.219983,1,block,none,0.40,cubic_interpolation
702,2009-01-05 21:10:00,-10.320000,,36.253498,1,block,none,0.40,cubic_interpolation
703,2009-01-05 21:20:00,-10.410000,,36.284206,1,block,none,0.40,cubic_interpolation
704,2009-01-05 21:30:00,-10.440000,,36.312088,1,block,none,0.40,cubic_interpolation
705,2009-01-05 21:40:00,-10.460000,,36.337121,1,block,none,0.40,cubic_interpolation
706,2009-01-05 21:50:00,-10.500000,,36.359282,1,block,none,0.40,cubic_interpolation
707,2009-01-05 22:00:00,-10.600000,,36.378551,1,block,none,0.40,cubic_interpolation
708,2009-01-05 22:10:00,-10.740000,,36.394906,1,block,none,0.40,cubic_interpolation
709,2009-01-05 22:20:00,-10.880000,,36.408325,1,block,none,0.40,cubic_interpolation
710,2009-01-05 22:30:00,-11.090000,,36.418786,1,block,none,0.40,cubic_interpolation
711,2009-01-05 22:40:00,-11.320000,,36.426267,1,block,none,0.40,cubic_interpolation
712,2009-01-05 22:50:00,-11.500000,,36.430747,1,block,none,0.40,cubic_interpolation
713,2009-01-05 23:00:00,-11.720000,,36.432204,1,block,none,0.40,cubic_interpolation
714,2009-01-05 23:10:00,-11.960000,,36.430616,1,block,none,0.40,cubic_interpolation
715,2009-01-05 23:20:00,-12.160000,,36.425961,1,block,none,0.40,cubic_interpolation
716,2009-01-05 23:30:00,-12.300000,,36.418218,1,block,none,0.40,cubic_interpolation
717,2009-01-05 23:40:00,-12.430000,,36.407364,1,block,none,0.40,cubic_interpolation
718,2009-01-05 23:50:00,-12.540000,,36.393379,1,block,none,0.40,cubic_interpolation
719,2009-01-06 00:00:00,-12.630000,,36.376240,1,block,none,0.40,cubic_interpolation
720,2009-01-06 00:10:00,-12.780000,,36.355925,1,block,none,0.40,cubic_interpolation
721,2009-01-06 00:20:00,-12.930000,,36.332414,1,block,none,0.40,cubic_interpolation
722,2009-01-06 00:30:00,-13.060000,,36.305683,1,block,none,0.40,cubic_interpolation
723,2009-01-06 00:40:00,-13.140000,,36.275712,1,block,none,0.40,cubic_interpolation
724,2009-01-06 00:50:00,-13.240000,,36.242478,1,block,none,0.40,cubic_interpolation
725,2009-01-06 01:00:00,-13.340000,,36.205959,1,block,none,0.40,cubic_interpolation
726,2009-01-06 01:10:00,-13.390000,,36.166135,1,block,none,0.40,cubic_interpolation
727,2009-01-06 01:20:00,-13.430000,,36.122983,1,block,none,0.40,cubic_interpolation
728,2009-01-06 01:30:00,-13.490000,,36.076481,1,block,none,0.40,cubic_interpolation
729,2009-01-06 01:40:00,-13.590000,,36.026608,1,block,none,0.40,cubic_interpolation
730,2009-01-06 01:50:00,-13.620000,,35.973342,1,block,none,0.40,cubic_interpolation
731,2009-01-06 02:00:00,-13.640000,,35.916661,1,block,none,0.40,cubic_interpolation
732,2009-01-06 02:10:00,-13.660000,,35.856543,1,block,none,0.40,cubic_interpolation
733,2009-01-06 02:20:00,-13.750000,,35.792967,1,block,none,0.40,cubic_interpolation
734,2009-01-06 02:30:00,-13.800000,,35.725911,1,block,none,0.40,cubic_interpolation
735,2009-01-06 02:40:00,-13.850000,,35.655353,1,block,none,0.40,cubic_interpolation
736,2009-01-06 02:50:00,-13.870000,,35.581271,1,block,none,0.40,cubic_interpolation
737,2009-01-06 03:00:00,-13.890000,,35.503644,1,block,none,0.40,cubic_interpolation
738,2009-01-06 03:10:00,-13.980000,,35.422450,1,block,none,0.40,cubic_interpolation
739,2009-01-06 03:20:00,-14.080000,,35.337666,1,block,none,0.40,cubic_interpolation
740,2009-01-06 03:30:00,-14.180000,,35.249272,1,block,none,0.40,cubic_interpolation
741,2009-01-06 03:40:00,-14.300000,,35.157246,1,block,none,0.40,cubic_interpolation
742,2009-01-06 03:50:00,-14.260000,,35.061565,1,block,none,0.40,cubic_interpolation
743,2009-01-06 04:00:00,-14.290000,,34.962208,1,block,none,0.40,cubic_interpolation
744,2009-01-06 04:10:00,-14.390000,,34.859154,1,block,none,0.40,cubic_interpolation
745,2009-01-06 04:20:00,-14.470000,,34.752380,1,block,none,0.40,cubic_interpolation
746,2009-01-06 04:30:00,-14.600000,,34.641864,1,block,none,0.40,cubic_interpolation
747,2009-01-06 04:40:00,-14.730000,,34.527586,1,block,none,0.40,cubic_interpolation
748,2009-01-06 04:50:00,-14.900000,,34.409523,1,block,none,0.40,cubic_interpolation
749,2009-01-06 05:00:00,-15.130000,,34.287653,1,block,none,0.40,cubic_interpolation
750,2009-01-06 05:10:00,-15.200000,,34.161955,1,block,none,0.40,cubic_interpolation
751,2009-01-06 05:20:00,-15.160000,,34.032406,1,block,none,0.40,cubic_interpolation
752,2009-01-06 05:30:00,-15.250000,,33.898986,1,block,none,0.40,cubic_interpolation
753,2009-01-06 05:40:00,-15.310000,,33.761672,1,block,none,0.40,cubic_interpolation
754,2009-01-06 05:50:00,-15.290000,,33.620443,1,block,none,0.40,cubic_interpolation
755,2009-01-06 06:00:00,-15.370000,,33.475277,1,block,none,0.40,cubic_interpolation
756,2009-01-06 06:10:00,-15.490000,,33.326152,1,block,none,0.40,cubic_interpolation
757,2009-01-06 06:20:00,-15.730000,,33.173046,1,block,none,0.40,cubic_interpolation
758,2009-01-06 06:30:00,-16.310000,,33.015937,1,block,none,0.40,cubic_interpolation
759,2009-01-06 06:40:00,-16.690000,,32.854805,1,block,none,0.40,cubic_interpolation
760,2009-01-06 06:50:00,-16.710000,,32.689626,1,block,none,0.40,cubic_interpolation
761,2009-01-06 07:00:00,-16.860000,,32.520380,1,block,none,0.40,cubic_interpolation
762,2009-01-06 07:10:00,-16.920000,,32.347044,1,block,none,0.40,cubic_interpolation
763,2009-01-06 07:20:00,-16.900000,,32.169597,1,block,none,0.40,cubic_interpolation
764,2009-01-06 07:30:00,-16.890000,,31.988017,1,block,none,0.40,cubic_interpolation
765,2009-01-06 07:40:00,-16.970000,,31.802282,1,block,none,0.40,cubic_interpolation
766,2009-01-06 07:50:00,-17.020000,,31.612370,1,block,none,0.40,cubic_interpolation
767,2009-01-06 08:00:00,-16.920000,,31.418261,1,block,none,0.40,cubic_interpolation
768,2009-01-06 08:10:00,-16.260000,,31.219931,1,block,none,0.40,cubic_interpolation
769,2009-01-06 08:20:00,-16.090000,,31.017359,1,block,none,0.40,cubic_interpolation
770,2009-01-06 08:30:00,-16.020000,,30.810524,1,block,none,0.40,cubic_interpolation
771,2009-01-06 08:40:00,-15.980000,,30.599403,1,block,none,0.40,cubic_interpolation
772,2009-01-06 08:50:00,-15.900000,,30.383976,1,block,none,0.40,cubic_interpolation
773,2009-01-06 09:00:00,-15.710000,,30.164219,1,block,none,0.40,cubic_interpolation
774,2009-01-06 09:10:00,-15.690000,,29.940112,1,block,none,0.40,cubic_interpolation
775,2009-01-06 09:20:00,-15.530000,,29.711632,1,block,none,0.40,cubic_interpolation
776,2009-01-06 09:30:00,-15.070000,,29.478758,1,block,none,0.40,cubic_interpolation
777,2009-01-06 09:40:00,-15.250000,,29.241468,1,block,none,0.40,cubic_interpolation
778,2009-01-06 09:50:00,-15.430000,,28.999741,1,block,none,0.40,cubic_interpolation
779,2009-01-06 10:00:00,-15.230000,,28.753554,1,block,none,0.40,cubic_interpolation
780,2009-01-06 10:10:00,-15.110000,,28.502886,1,block,none,0.40,cubic_interpolation
781,2009-01-06 10:20:00,-15.120000,,28.247715,1,block,none,0.40,cubic_interpolation
782,2009-01-06 10:30:00,-15.060000,,27.988019,1,block,none,0.40,cubic_interpolation
783,2009-01-06 10:40:00,-15.040000,,27.723777,1,block,none,0.40,cubic_interpolation
784,2009-01-06 10:50:00,-15.140000,,27.454966,1,block,none,0.40,cubic_interpolation
785,2009-01-06 11:00:00,-15.050000,,27.181565,1,block,none,0.40,cubic_interpolation
786,2009-01-06 11:10:00,-14.710000,,26.903553,1,block,none,0.40,cubic_interpolation
787,2009-01-06 11:20:00,-14.750000,,26.620907,1,block,none,0.40,cubic_interpolation
788,2009-01-06 11:30:00,-14.720000,,26.333605,1,block,none,0.40,cubic_interpolation
789,2009-01-06 11:40:00,-14.620000,,26.041627,1,block,none,0.40,cubic_interpolation
790,2009-01-06 11:50:00,-14.460000,,25.744949,1,block,none,0.40,cubic_interpolation
791,2009-01-06 12:00:00,-14.520000,,25.443552,1,block,none,0.40,cubic_interpolation
792,2009-01-06 12:10:00,-14.460000,,25.137411,1,block,none,0.40,cubic_interpolation
793,2009-01-06 12:20:00,-14.080000,,24.826507,1,block,none,0.40,cubic_interpolation
794,2009-01-06 12:30:00,-13.560000,,24.510817,1,block,none,0.40,cubic_interpolation
795,2009-01-06 12:40:00,-13.180000,,24.190319,1,block,none,0.40,cubic_interpolation
796,2009-01-06 12:50:00,-12.420000,,23.864991,1,block,none,0.40,cubic_interpolation
797,2009-01-06 13:00:00,-10.970000,,23.534813,1,block,none,0.40,cubic_interpolation
798,2009-01-06 13:10:00,-10.880000,,23.199761,1,block,none,0.40,cubic_interpolation
799,2009-01-06 13:20:00,-11.450000,,22.859815,1,block,none,0.40,cubic_interpolation
800,2009-01-06 13:30:00,-11.090000,,22.514952,1,block,none,0.40,cubic_interpolation
801,2009-01-06 13:40:00,-11.070000,,22.165151,1,block,none,0.40,cubic_interpolation
802,2009-01-06 13:50:00,-11.330000,,21.810390,1,block,none,0.40,cubic_interpolation
803,2009-01-06 14:00:00,-11.900000,,21.450647,1,block,none,0.40,cubic_interpolation
804,2009-01-06 14:10:00,-12.430000,,21.085901,1,block,none,0.40,cubic_interpolation
805,2009-01-06 14:20:00,-12.470000,,20.716130,1,block,none,0.40,cubic_interpolation
806,2009-01-06 14:30:00,-12.270000,,20.341311,1,block,none,0.40,cubic_interpolation
807,2009-01-06 14:40:00,-12.190000,,19.961424,1,block,none,0.40,cubic_interpolation
808,2009-01-06 14:50:00,-11.960000,,19.576446,1,block,none,0.40,cubic_interpolation
809,2009-01-06 15:00:00,-12.050000,,19.186356,1,block,none,0.40,cubic_interpolation
810,2009-01-06 15:10:00,-12.660000,,18.791131,1,block,none,0.40,cubic_interpolation
811,2009-01-06 15:20:00,-13.090000,,18.390751,1,block,none,0.40,cubic_interpolation
812,2009-01-06 15:30:00,-13.260000,,17.985193,1,block,none,0.40,cubic_interpolation
813,2009-01-06 15:40:00,-13.280000,,17.574436,1,block,none,0.40,cubic_interpolation
814,2009-01-06 15:50:00,-13.280000,,17.158457,1,block,none,0.40,cubic_interpolation
815,2009-01-06 16:00:00,-13.520000,,16.737236,1,block,none,0.40,cubic_interpolation
816,2009-01-06 16:10:00,-14.050000,,16.310750,1,block,none,0.40,cubic_interpolation
817,2009-01-06 16:20:00,-14.400000,,15.878978,1,block,none,0.40,cubic_interpolation
818,2009-01-06 16:30:00,-14.620000,,15.441897,1,block,none,0.40,cubic_interpolation
819,2009-01-06 16:40:00,-14.940000,,14.999487,1,block,none,0.40,cubic_interpolation
820,2009-01-06 16:50:00,-14.880000,,14.551724,1,block,none,0.40,cubic_interpolation
821,2009-01-06 17:00:00,-14.880000,,14.098589,1,block,none,0.40,cubic_interpolation
822,2009-01-06 17:10:00,-15.590000,,13.640058,1,block,none,0.40,cubic_interpolation
823,2009-01-06 17:20:00,-15.970000,,13.176109,1,block,none,0.40,cubic_interpolation
824,2009-01-06 17:30:00,-15.920000,,12.706723,1,block,none,0.40,cubic_interpolation
825,2009-01-06 17:40:00,-16.150000,,12.231875,1,block,none,0.40,cubic_interpolation
826,2009-01-06 17:50:00,-16.110000,,11.751546,1,block,none,0.40,cubic_interpolation
827,2009-01-06 18:00:00,-16.490000,,11.265712,1,block,none,0.40,cubic_interpolation
828,2009-01-06 18:10:00,-16.560000,,10.774352,1,block,none,0.40,cubic_interpolation
829,2009-01-06 18:20:00,-16.610000,,10.277445,1,block,none,0.40,cubic_interpolation
830,2009-01-06 18:30:00,-16.750000,,9.774969,1,block,none,0.40,cubic_interpolation
831,2009-01-06 18:40:00,-16.930000,,9.266901,1,block,none,0.40,cubic_interpolation
832,2009-01-06 18:50:00,-17.070000,,8.753221,1,block,none,0.40,cubic_interpolation
833,2009-01-06 19:00:00,-17.210000,,8.233906,1,block,none,0.40,cubic_interpolation
834,2009-01-06 19:10:00,-17.400000,,7.708934,1,block,none,0.40,cubic_interpolation
835,2009-01-06 19:20:00,-17.580000,,7.178285,1,block,none,0.40,cubic_interpolation
836,2009-01-06 19:30:00,-17.790000,,6.641935,1,block,none,0.40,cubic_interpolation
837,2009-01-06 19:40:00,-17.990000,,6.099864,1,block,none,0.40,cubic_interpolation
838,2009-01-06 19:50:00,-18.180000,,5.552049,1,block,none,0.40,cubic_interpolation
839,2009-01-06 20:00:00,-18.350000,,4.998469,1,block,none,0.40,cubic_interpolation
840,2009-01-06 20:10:00,-18.320000,,4.439102,1,block,none,0.40,cubic_interpolation
841,2009-01-06 20:20:00,-17.830000,,3.873927,1,block,none,0.40,cubic_interpolation
842,2009-01-06 20:30:00,-18.250000,,3.302921,1,block,none,0.40,cubic_interpolation
843,2009-01-06 20:40:00,-18.370000,,2.726062,1,block,none,0.40,cubic_interpolation
844,2009-01-06 20:50:00,-18.500000,,2.143330,1,block,none,0.40,cubic_interpolation
845,2009-01-06 21:00:00,-18.620000,,1.554702,1,block,none,0.40,cubic_interpolation
846,2009-01-06 21:10:00,-18.880000,,0.960156,1,block,none,0.40,cubic_interpolation
847,2009-01-06 21:20:00,-18.890000,,0.359671,1,block,none,0.40,cubic_interpolation
848,2009-01-06 21:30:00,-19.170000,,-0.246775,1,block,none,0.40,cubic_interpolation
849,2009-01-06 21:40:00,-19.470000,,-0.859204,1,block,none,0.40,cubic_interpolation
850,2009-01-06 21:50:00,-19.380000,,-1.477638,1,block,none,0.40,cubic_interpolation
851,2009-01-06 22:00:00,-19.390000,,-2.102098,1,block,none,0.40,cubic_interpolation
852,2009-01-06 22:10:00,-19.880000,,-2.732606,1,block,none,0.40,cubic_interpolation
853,2009-01-06 22:20:00,-20.340000,,-3.369184,1,block,none,0.40,cubic_interpolation
854,2009-01-06 22:30:00,-20.670000,,-4.011853,1,block,none,0.40,cubic_interpolation
855,2009-01-06 22:40:00,-20.840000,,-4.660636,1,block,none,0.40,cubic_interpolation
856,2009-01-06 22:50:00,-20.860000,,-5.315554,1,block,none,0.40,cubic_interpolation
857,2009-01-06 23:00:00,-20.850000,,-5.976629,1,block,none,0.40,cubic_interpolation
858,2009-01-06 23:10:00,-21.080000,,-6.643883,1,block,none,0.40,cubic_interpolation
859,2009-01-06 23:20:00,-21.070000,,-7.317337,1,block,none,0.40,cubic_interpolation
860,2009-01-06 23:30:00,-20.510000,,-7.997014,1,block,none,0.40,cubic_interpolation
861,2009-01-06 23:40:00,-20.480000,,-8.682934,1,block,none,0.40,cubic_interpolation
862,2009-01-06 23:50:00,-20.750000,,-9.375121,1,block,none,0.40,cubic_interpolation
863,2009-01-07 00:00:00,-21.090000,,-10.073594,1,block,none,0.40,cubic_interpolation
864,2009-01-07 00:10:00,-21.310000,,-10.778377,1,block,none,0.40,cubic_interpolation
865,2009-01-07 00:20:00,-20.970000,,-11.489491,1,block,none,0.40,cubic_interpolation
866,2009-01-07 00:30:00,-20.480000,,-12.206958,1,block,none,0.40,cubic_interpolation
867,2009-01-07 00:40:00,-20.260000,,-12.930800,1,block,none,0.40,cubic_interpolation
868,2009-01-07 00:50:00,-21.170000,,-13.661037,1,block,none,0.40,cubic_interpolation
869,2009-01-07 01:00:00,-21.560000,,-14.397693,1,block,none,0.40,cubic_interpolation
870,2009-01-07 01:10:00,-21.650000,,-15.140789,1,block,none,0.40,cubic_interpolation
871,2009-01-07 01:20:00,-21.490000,,-15.890346,1,block,none,0.40,cubic_interpolation
872,2009-01-07 01:30:00,-21.460000,,-16.646387,1,block,none,0.40,cubic_interpolation
873,2009-01-07 01:40:00,-21.570000,,-17.408932,1,block,none,0.40,cubic_interpolation
874,2009-01-07 01:50:00,-21.240000,,-18.178005,1,block,none,0.40,cubic_interpolation
875,2009-01-07 02:00:00,-20.990000,,-18.953626,1,block,none,0.40,cubic_interpolation
876,2009-01-07 02:10:00,-20.940000,,-19.735818,1,block,none,0.40,cubic_interpolation
877,2009-01-07 02:20:00,-20.900000,,-20.524602,1,block,none,0.40,cubic_interpolation
878,2009-01-07 02:30:00,-21.320000,-21.320000,-21.320000,0,block,none,0.40,cubic_interpolation
879,2009-01-07 02:40:00,-22.070000,-22.070000,-22.070000,0,block,none,0.40,cubic_interpolation
880,2009-01-07 02:50:00,-22.550000,-22.550000,-22.550000,0,block,none,0.40,cubic_interpolation
881,2009-01-07 03:00:00,-22.760000,-22.760000,-22.760000,0,block,none,0.40,cubic_interpolation
882,2009-01-07 03:10:00,-23.010000,-23.010000,-23.010000,0,block,none,0.40,cubic_interpolation
883,2009-01-07 03:20:00,-22.910000,-22.910000,-22.910000,0,block,none,0.40,cubic_interpolation
884,2009-01-07 03:30:00,-22.640000,-22.640000,-22.640000,0,block,none,0.40,cubic_interpolation
885,2009-01-07 03:40:00,-22.380000,-22.380000,-22.380000,0,block,none,0.40,cubic_interpolation
886,2009-01-07 03:50:00,-22.220000,-22.220000,-22.220000,0,block,none,0.40,cubic_interpolation
887,2009-01-07 04:00:00,-22.390000,-22.390000,-22.390000,0,block,none,0.40,cubic_interpolation
888,2009-01-07 04:10:00,-22.100000,-22.100000,-22.100000,0,block,none,0.40,cubic_interpolation
889,2009-01-07 04:20:00,-21.800000,-21.800000,-21.800000,0,block,none,0.40,cubic_interpolation
890,2009-01-07 04:30:00,-22.250000,-22.250000,-22.250000,0,block,none,0.40,cubic_interpolation
891,2009-01-07 04:40:00,-22.490000,-22.490000,-22.490000,0,block,none,0.40,cubic_interpolation
892,2009-01-07 04:50:00,-22.310000,-22.310000,-22.310000,0,block,none,0.40,cubic_interpolation
893,2009-01-07 05:00:00,-22.420000,-22.420000,-22.420000,0,block,none,0.40,cubic_interpolation
894,2009-01-07 05:10:00,-22.310000,-22.310000,-22.310000,0,block,none,0.40,cubic_interpolation
895,2009-01-07 05:20:00,-22.470000,-22.470000,-22.470000,0,block,none,0.40,cubic_interpolation
896,2009-01-07 05:30:00,-22.260000,-22.260000,-22.260000,0,block,none,0.40,cubic_interpolation
897,2009-01-07 05:40:00,-21.930000,-21.930000,-21.930000,0,block,none,0.40,cubic_interpolation
898,2009-01-07 05:50:00,-22.310000,-22.310000,-22.310000,0,block,none,0.40,cubic_interpolation
899,2009-01-07 06:00:00,-22.130000,-22.130000,-22.130000,0,block,none,0.40,cubic_interpolation
900,2009-01-07 06:10:00,-22.490000,-22.490000,-22.490000,0,block,none,0.40,cubic_interpolation
901,2009-01-07 06:20:00,-22.410000,-22.410000,-22.410000,0,block,none,0.40,cubic_interpolation
902,2009-01-07 06:30:00,-22.410000,-22.410000,-22.410000,0,block,none,0.40,cubic_interpolation
903,2009-01-07 06:40:00,-21.930000,-21.930000,-21.930000,0,block,none,0.40,cubic_interpolation
904,2009-01-07 06:50:00,-21.460000,-21.460000,-21.460000,0,block,none,0.40,cubic_interpolation
905,2009-01-07 07:00:00,-21.420000,-21.420000,-21.420000,0,block,none,0.40,cubic_interpolation
906,2009-01-07 07:10:00,-21.840000,-21.840000,-21.840000,0,block,none,0.40,cubic_interpolation
907,2009-01-07 07:20:00,-22.200000,-22.200000,-22.200000,0,block,none,0.40,cubic_interpolation
908,2009-01-07 07:30:00,-22.300000,-22.300000,-22.300000,0,block,none,0.40,cubic_interpolation
909,2009-01-07 07:40:00,-22.550000,-22.550000,-22.550000,0,block,none,0.40,cubic_interpolation
910,2009-01-07 07:50:00,-22.630000,-22.630000,-22.630000,0,block,none,0.40,cubic_interpolation
911,2009-01-07 08:00:00,-22.500000,-22.500000,-22.500000,0,block,none,0.40,cubic_interpolation
912,2009-01-07 08:10:00,-22.540000,-22.540000,-22.540000,0,block,none,0.40,cubic_interpolation
913,2009-01-07 08:20:00,-21.680000,-21.680000,-21.680000,0,block,none,0.40,cubic_interpolation
914,2009-01-07 08:30:00,-21.430000,-21.430000,-21.430000,0,block,none,0.40,cubic_interpolation
915,2009-01-07 08:40:00,-21.170000,-21.170000,-21.170000,0,block,none,0.40,cubic_interpolation
916,2009-01-07 08:50:00,-21.160000,-21.160000,-21.160000,0,block,none,0.40,cubic_interpolation
917,2009-01-07 09:00:00,-21.170000,-21.170000,-21.170000,0,block,none,0.40,cubic_interpolation
918,2009-01-07 09:10:00,-20.850000,-20.850000,-20.850000,0,block,none,0.40,cubic_interpolation
919,2009-01-07 09:20:00,-21.350000,-21.350000,-21.350000,0,block,none,0.40,cubic_interpolation
920,2009-01-07 09:30:00,-22.140000,-22.140000,-22.140000,0,block,none,0.40,cubic_interpolation
921,2009-01-07 09:40:00,-22.100000,-22.100000,-22.100000,0,block,none,0.40,cubic_interpolation
922,2009-01-07 09:50:00,-21.440000,-21.440000,-21.440000,0,block,none,0.40,cubic_interpolation
923,2009-01-07 10:00:00,-20.340000,-20.340000,-20.340000,0,block,none,0.40,cubic_interpolation
924,2009-01-07 10:10:00,-19.550000,-19.550000,-19.550000,0,block,none,0.40,cubic_interpolation
925,2009-01-07 10:20:00,-18.440000,-18.440000,-18.440000,0,block,none,0.40,cubic_interpolation
926,2009-01-07 10:30:00,-18.770000,-18.770000,-18.770000,0,block,none,0.40,cubic_interpolation
927,2009-01-07 10:40:00,-18.870000,-18.870000,-18.870000,0,block,none,0.40,cubic_interpolation
928,2009-01-07 10:50:00,-19.040000,-19.040000,-19.040000,0,block,none,0.40,cubic_interpolation
929,2009-01-07 11:00:00,-18.710000,-18.710000,-18.710000,0,block,none,0.40,cubic_interpolation
930,2009-01-07 11:10:00,-18.640000,-18.640000,-18.640000,0,block,none,0.40,cubic_interpolation
931,2009-01-07 11:20:00,-18.050000,-18.050000,-18.050000,0,block,none,0.40,cubic_interpolation
932,2009-01-07 11:30:00,-17.650000,-17.650000,-17.650000,0,block,none,0.40,cubic_interpolation
933,2009-01-07 11:40:00,-17.270000,-17.270000,-17.270000,0,block,none,0.40,cubic_interpolation
934,2009-01-07 11:50:00,-17.120000,-17.120000,-17.120000,0,block,none,0.40,cubic_interpolation
935,2009-01-07 12:00:00,-16.500000,-16.500000,-16.500000,0,block,none,0.40,cubic_interpolation
936,2009-01-07 12:10:00,-15.860000,-15.860000,-15.860000,0,block,none,0.40,cubic_interpolation
937,2009-01-07 12:20:00,-15.580000,-15.580000,-15.580000,0,block,none,0.40,cubic_interpolation
938,2009-01-07 12:30:00,-15.320000,-15.320000,-15.320000,0,block,none,0.40,cubic_interpolation
939,2009-01-07 12:40:00,-15.040000,-15.040000,-15.040000,0,block,none,0.40,cubic_interpolation
940,2009-01-07 12:50:00,-14.860000,-14.860000,-14.860000,0,block,none,0.40,cubic_interpolation
941,2009-01-07 13:00:00,-14.390000,-14.390000,-14.390000,0,block,none,0.40,cubic_interpolation
942,2009-01-07 13:10:00,-13.930000,-13.930000,-13.930000,0,block,none,0.40,cubic_interpolation
943,2009-01-07 13:20:00,-13.080000,-13.080000,-13.080000,0,block,none,0.40,cubic_interpolation
944,2009-01-07 13:30:00,-12.330000,-12.330000,-12.330000,0,block,none,0.40,cubic_interpolation
945,2009-01-07 13:40:00,-12.050000,-12.050000,-12.050000,0,block,none,0.40,cubic_interpolation
946,2009-01-07 13:50:00,-11.960000,-11.960000,-11.960000,0,block,none,0.40,cubic_interpolation
947,2009-01-07 14:00:00,-12.150000,-12.150000,-12.150000,0,block,none,0.40,cubic_interpolation
948,2009-01-07 14:10:00,-12.280000,-12.280000,-12.280000,0,block,none,0.40,cubic_interpolation
949,2009-01-07 14:20:00,-12.060000,-12.060000,-12.060000,0,block,none,0.40,cubic_interpolation
950,2009-01-07 14:30:00,-11.890000,-11.890000,-11.890000,0,block,none,0.40,cubic_interpolation
951,2009-01-07 14:40:00,-11.440000,-11.440000,-11.440000,0,block,none,0.40,cubic_interpolation
952,2009-01-07 14:50:00,-10.840000,-10.840000,-10.840000,0,block,none,0.40,cubic_interpolation
953,2009-01-07 15:00:00,-10.570000,-10.570000,-10.570000,0,block,none,0.40,cubic_interpolation
954,2009-01-07 15:10:00,-10.340000,-10.340000,-10.340000,0,block,none,0.40,cubic_interpolation
955,2009-01-07 15:20:00,-10.190000,-10.190000,-10.190000,0,block,none,0.40,cubic_interpolation
956,2009-01-07 15:30:00,-10.030000,-10.030000,-10.030000,0,block,none,0.40,cubic_interpolation
957,2009-01-07 15:40:00,-10.120000,-10.120000,-10.120000,0,block,none,0.40,cubic_interpolation
958,2009-01-07 15:50:00,-9.840000,-9.840000,-9.840000,0,block,none,0.40,cubic_interpolation
959,2009-01-07 16:00:00,-9.580000,-9.580000,-9.580000,0,block,none,0.40,cubic_interpolation
960,2009-01-07 16:10:00,-9.400000,-9.400000,-9.400000,0,block,none,0.40,cubic_interpolation
961,2009-01-07 16:20:00,-9.440000,-9.440000,-9.440000,0,block,none,0.40,cubic_interpolation
962,2009-01-07 16:30:00,-9.180000,-9.180000,-9.180000,0,block,none,0.40,cubic_interpolation
963,2009-01-07 16:40:00,-8.950000,-8.950000,-8.950000,0,block,none,0.40,cubic_interpolation
964,2009-01-07 16:50:00,-8.650000,-8.650000,-8.650000,0,block,none,0.40,cubic_interpolation
965,2009-01-07 17:00:00,-8.550000,-8.550000,-8.550000,0,block,none,0.40,cubic_interpolation
966,2009-01-07 17:10:00,-8.470000,-8.470000,-8.470000,0,block,none,0.40,cubic_interpolation
967,2009-01-07 17:20:00,-8.460000,-8.460000,-8.460000,0,block,none,0.40,cubic_interpolation
968,2009-01-07 17:30:00,-8.350000,-8.350000,-8.350000,0,block,none,0.40,cubic_interpolation
969,2009-01-07 17:40:00,-8.430000,-8.430000,-8.430000,0,block,none,0.40,cubic_interpolation
970,2009-01-07 17:50:00,-8.260000,-8.260000,-8.260000,0,block,none,0.40,cubic_interpolation
971,2009-01-07 18:00:00,-7.980000,-7.980000,-7.980000,0,block,none,0.40,cubic_interpolation
972,2009-01-07 18:10:00,-8.020000,-8.020000,-8.020000,0,block,none,0.40,cubic_interpolation
973,2009-01-07 18:20:00,-7.670000,-7.670000,-7.670000,0,block,none,0.40,cubic_interpolation
974,2009-01-07 18:30:00,-7.650000,-7.650000,-7.650000,0,block,none,0.40,cubic_interpolation
975,2009-01-07 18:40:00,-7.660000,-7.660000,-7.660000,0,block,none,0.40,cubic_interpolation
976,2009-01-07 18:50:00,-7.530000,-7.530000,-7.530000,0,block,none,0.40,cubic_interpolation
977,2009-01-07 19:00:00,-7.750000,-7.750000,-7.750000,0,block,none,0.40,cubic_interpolation
978,2009-01-07 19:10:00,-7.460000,-7.460000,-7.460000,0,block,none,0.40,cubic_interpolation
979,2009-01-07 19:20:00,-7.450000,-7.450000,-7.450000,0,block,none,0.40,cubic_interpolation
980,2009-01-07 19:30:00,-7.810000,-7.810000,-7.810000,0,block,none,0.40,cubic_interpolation
981,2009-01-07 19:40:00,-7.880000,-7.880000,-7.880000,0,block,none,0.40,cubic_interpolation
982,2009-01-07 19:50:00,-7.920000,-7.920000,-7.920000,0,block,none,0.40,cubic_interpolation
983,2009-01-07 20:00:00,-7.850000,-7.850000,-7.850000,0,block,none,0.40,cubic_interpolation
984,2009-01-07 20:10:00,-8.270000,-8.270000,-8.270000,0,block,none,0.40,cubic_interpolation
985,2009-01-07 20:20:00,-8.560000,-8.560000,-8.560000,0,block,none,0.40,cubic_interpolation
986,2009-01-07 20:30:00,-8.620000,-8.620000,-8.620000,0,block,none,0.40,cubic_interpolation
987,2009-01-07 20:40:00,-8.510000,-8.510000,-8.510000,0,block,none,0.40,cubic_interpolation
988,2009-01-07 20:50:00,-8.500000,-8.500000,-8.500000,0,block,none,0.40,cubic_interpolation
989,2009-01-07 21:00:00,-8.440000,-8.440000,-8.440000,0,block,none,0.40,cubic_interpolation
990,2009-01-07 21:10:00,-8.560000,-8.560000,-8.560000,0,block,none,0.40,cubic_interpolation
991,2009-01-07 21:20:00,-8.890000,-8.890000,-8.890000,0,block,none,0.40,cubic_interpolation
992,2009-01-07 21:30:00,-9.300000,-9.300000,-9.300000,0,block,none,0.40,cubic_interpolation
993,2009-01-07 21:40:00,-10.120000,-10.120000,-10.120000,0,block,none,0.40,cubic_interpolation
994,2009-01-07 21:50:00,-10.070000,-10.070000,-10.070000,0,block,none,0.40,cubic_interpolation
995,2009-01-07 22:00:00,-9.410000,-9.410000,-9.410000,0,block,none,0.40,cubic_interpolation
996,2009-01-07 22:10:00,-9.300000,-9.300000,-9.300000,0,block,none,0.40,cubic_interpolation
997,2009-01-07 22:20:00,-9.890000,-9.890000,-9.890000,0,block,none,0.40,cubic_interpolation
998,2009-01-07 22:30:00,-10.440000,-10.440000,-10.440000,0,block,none,0.40,cubic_interpolation
999,2009-01-07 22:40:00,-10.830000,-10.830000,-10.830000,0,block,none,0.40,cubic_interpolation
1000,2009-01-07 22:50:00,-10.790000,-10.790000,-10.790000,0,block,none,0.40,cubic_interpolation
1001,2009-01-07 23:00:00,-10.680000,-10.680000,-10.680000,0,block,none,0.40,cubic_interpolation
1002,2009-01-07 23:10:00,-10.990000,-10.990000,-10.990000,0,block,none,0.40,cubic_interpolation
1003,2009-01-07 23:20:00,-10.910000,-10.910000,-10.910000,0,block,none,0.40,cubic_interpolation
1004,2009-01-07 23:30:00,-10.620000,-10.620000,-10.620000,0,block,none,0.40,cubic_interpolation
1005,2009-01-07 23:40:00,-10.730000,-10.730000,-10.730000,0,block,none,0.40,cubic_interpolation
1006,2009-01-07 23:50:00,-10.590000,-10.590000,-10.590000,0,block,none,0.40,cubic_interpolation
1007,2009-01-08 00:00:00,-10.780000,-10.780000,-10.780000,0,block,none,0.40,cubic_interpolation
